재산피해금액,화재발생일자,화재진압시간,현장소방서거리,발생장소_시도,발생장소_시군구,발생장소_읍면,읍면동구분명,발화원인,발화열원명,발화요인소분류명,발화요인대분류명,발화열원소분류명,최초착화물대분류명,전체인력수합계,날씨,온도,습도,시간단위풍속,시간단위풍향,특보내용,발생일시_요일,진화종료시간_년,진화종료시간_월,진화종료시간_일,진화종료시간_시간,발생장소_관서,발생장소_동리,발생원인_구분,발생원인_세부원인,발생원인_기타,피해면적_합계,산림면적,계절,물가상승배수
2176,20120111,13800,6,강원,홍천,홍천,하오안리,입산자실화,담뱃불/라이터불,라이터불/성냥불,부주의,부주의,기타,72,맑음,-1,22,315,4,,수,2012,1,11,16:50,북부,하오안,입,등산객실화,,0.03,"66,533",겨울,0.896
0,20130112,3554,12,강원,양양,강현,용호리,쓰레기소각장,불꽃/불티,쓰레기/논밭두렁,부주의,쓰레기소각,종이/목재/건초등,268,흐림,5,49,225,4,,토,2013,1,12,18:50,강원,용호,쓰,쓰레기소각,,0.1,"16,214",겨울,0.896
0,20140113,13300,47,강원,화천,상서,파포리,논/밭두렁,불꽃/불티,쓰레기/논밭두렁,부주의,논/임야태우기,종이/목재/건초등,56,맑음,0,0,,,,월,2014,1,13,14:40,강원,파포,기,농산폐기물 소각,,0.15,"31,898",겨울,0.896
0,20140115,15200,41,강원,삼척,도계,,미상,담뱃불/라이터불,담뱃불,부주의,담배꽁초,종이/목재/건초등,180,맑음,2,45,135,4,,수,2014,1,15,17:40,동부,흥전,입,입산자 실화 추정,,0.1,"40,519",겨울,0.896
0,20140116,34000,18,강원,정선,북평,숙암리,모닥불,불꽃/불티,비화,부주의,불씨/불꽃/화원방치,종이/목재/건초등,136,맑음,6,50,225,4,,목,2014,1,16,14:00,동부,숙암,입,입산자(수렵인)실화 추정,,0.2,"37,770",겨울,0.896
0,20140119,3020,22,강원,원주,신림,성남리,담뱃불,담뱃불/라이터불,담뱃불,부주의,담배꽁초,종이/목재/건초등,66,맑음,-2,48,45,4,,일,2014,1,19,20:45,강원,성산,담,담뱃불 추정,,0.02,"52,641",겨울,0.896
0,20150105,4428,21,강원,강릉,주문진,주문리,미상,미상,미상,미상,미상,종이/목재/건초등,42,맑음,0,0,,,,월,2015,1,5,3:00,강원,주문,입,입산자실화 추정,,0.16,"37,109",겨울,0.896
0,20150110,14613,29,강원,강릉,왕산,대기리,미상,미상,미상,미상,미상,종이/목재/건초등,124,맑음,0,0,,,,토,2015,1,10,16:00,강원,대기,입,입산자실화 추정,,0.2,"37,109",겨울,0.896
0,20160106,3919,10,강원,고성,거진,,기타,담뱃불/라이터불,담뱃불,부주의,담배꽁초,종이/목재/건초등,73,맑음,20,22,270,4,,수,2016,1,6,16:30,강원,거진,담,담뱃불실화,,0.06,"18,473",겨울,0.896
628,20160112,3824,43,강원,양구,남,,쓰레기소각장,불꽃/불티,쓰레기/논밭두렁,부주의,쓰레기소각,쓰레기류,84,맑음,0,26,180,4,,화,2016,1,12,15:20,강원,가오작,쓰,쓰레기소각,,0.05,"19,868",겨울,0.896
0,20160113,2151,17,강원,원주,호저,,논/밭두렁,담뱃불/라이터불,라이터불/성냥불,부주의,논/임야태우기,종이/목재/건초등,46,맑음,-3,0,180,4,,수,2016,1,13,12:05,강원,매호,기,논밭두렁소각,,0.03,"52,252",겨울,0.896
1125,20160119,31900,9,강원,강릉,구정,,기타,불꽃/불티,굴뚝아궁이,부주의,불씨/불꽃/화원방치,종이/목재/건초등,490,맑음,-7,25,315,8,건조주의보,화,2016,1,19,21:29,강원,금광,건,기타(직접입력),보일러실 화재비화,3,"37,109",겨울,0.896
0,20160122,1511,11,강원,춘천,신동,,담뱃불,담뱃불/라이터불,담뱃불,부주의,담배꽁초,종이/목재/건초등,37,맑음,-3,29,135,4,한파경보,금,2016,1,22,17:30,강원,팔미,입,기타(직접입력),입산자 실화추정,0.01,"51,062",겨울,0.896
0,20160125,10931,30,강원,춘천,남,,미상,불꽃/불티,굴뚝아궁이,부주의,불씨/불꽃/화원방치,종이/목재/건초등,182,맑음,-5,25,225,4,,월,2016,1,25,20:00,강원,발산,기,기타(직접입력),보일러 연통불씨 비화,0.3,"51,062",겨울,0.896
0,20160126,3340,17,강원,양양,강현,,쓰레기소각장,불꽃/불티,쓰레기/논밭두렁,부주의,쓰레기소각,종이/목재/건초등,67,맑음,0,0,,,,화,2016,1,26,17:50,강원,사교,쓰,기타(직접입력),호두껍질 소각,0.03,"16,034",겨울,0.896
0,20160127,4700,18,강원,원주,귀래,,쓰레기소각장,담뱃불/라이터불,라이터불/성냥불,부주의,논/임야태우기,종이/목재/건초등,84,맑음,0,0,,,,수,2016,1,27,17:22,강원,운계,쓰,쓰레기소각,,0.15,"52,252",겨울,0.896
1279,20160129,14544,30,강원,홍천,내촌,,기타,불꽃/불티,비화,부주의,불씨/불꽃/화원방치,종이/목재/건초등,49,맑음,0,0,45,4,,금,2016,1,29,4:30,강원,서곡,쓰,쓰레기소각,,0.05,"65,341",겨울,0.896
0,20160129,1834,9,강원,홍천,북방,,담뱃불,담뱃불/라이터불,담뱃불,부주의,담배꽁초,종이/목재/건초등,59,맑음,3,38,225,4,풍랑주의보,금,2016,1,29,14:00,강원,상화계,입,기타(직접입력),입산자 실화추정(조사중),0.03,"65,341",겨울,0.896
0,20160131,5239,60,강원,영월,수주,,기타,마찰/전도/복사,마찰열/마찰스파크,부주의,부주의,종이/목재/건초등,63,맑음,0,0,,,,일,2016,1,31,14:10,강원,운학,건,주택화재비화,,0.05,"34,137",겨울,0.896
0,20170111,3101,11,강원,춘천,서,현암리,논/밭두렁,불꽃/불티,모닥불/연탄/숯,부주의,불씨/불꽃/화원방치,종이/목재/건초등,64,맑음,1,23,135,4,,수,2017,1,11,16:00,강원,현암,기,기타(직접입력),화목보일러 재처리 부주의,0.05,"51,062",겨울,0.896
0,20170112,1911,12,강원,강릉,사천,판교리,담뱃불,미상,미상,미상,미상,종이/목재/건초등,129,맑음,4,19,315,4,건조경보,목,2017,1,12,17:30,강원,판교,입,등산객실화,,0.03,"37,109",겨울,0.896
0,20170114,80217,14,강원,양양,현북,하광정리,기타,불꽃/불티,불꽃/불티,부주의,불씨/불꽃/화원방치,종이/목재/건초등,133,구름조금,-4,37,270,4,건조경보,토,2017,1,14,22:55,강원,하광정,기,기타(직접입력),풍등,0.07,"16,034",겨울,0.896
0,20170116,703,19,강원,양양,서,오색리,쓰레기소각장,불꽃/불티,쓰레기/논밭두렁,부주의,쓰레기소각,종이/목재/건초등,121,맑음,5,37,45,4,건조경보,월,2017,1,16,14:15,강원,오색,쓰,쓰레기소각,,0.02,"16,034",겨울,0.896
0,20180102,11423,15,강원,원주,소초,교항리,모닥불,불꽃/불티,모닥불/연탄/숯,부주의,불씨/불꽃/화원방치,종이/목재/건초등,74,구름많음,-5,43,225,4,,화,2018,1,2,22:30,강원,교항,입,기타(직접입력),입산자 실화,0.01,"52,252",겨울,0.896
280012,20180114,145435,10,강원,양양,양양,화일리,미상,미상,미상,미상,미상,미상,1229,구름조금,6,53,225,4,,일,2018,1,15,5:30,강원,화일,건,주택화재비화,,17.73,"16,034",겨울,0.896
1990745,20190101,194930,11,강원,양양,서,송천리,담뱃불,담뱃불/라이터불,담뱃불,부주의,담배꽁초,종이/목재/건초등,1862,맑음,2,19,270,4,,화,2019,1,2,17:20,강원,송천,담,담뱃불 실화추정,,97.94,"16,034",겨울,0.896
0,20190110,3617,15,강원,고성,토성,운봉리,쓰레기소각장,불꽃/불티,모닥불/연탄/숯,미상,미상,종이/목재/건초등,90,구름조금,5,19,45,8,,목,2019,1,10,12:05,강원,운봉,기,재 투기,,0.35,"18,473",겨울,0.896
0,20190119,2314,16,강원,강릉,왕산,목계리,기타,불꽃/불티,모닥불/연탄/숯,부주의,불씨/불꽃/화원방치,종이/목재/건초등,92,맑음,2,56,0,4,,토,2019,1,19,23:45,강원,목계,기,화목보일러 재화재,,0.03,"37,109",겨울,0.896
1,20190120,24339,11,강원,춘천,서,현암리,기타,불꽃/불티,불꽃/불티,부주의,불씨/불꽃/화원방치,종이/목재/건초등,156,맑음,2,30,225,4,풍랑주의보,일,2019,1,20,15:00,강원,현암,기,화목보일러 재처리 부주의,,1.46,"51,062",겨울,0.896
3162,20190122,51107,13,강원,태백,백산,,기타,마찰/전도/복사,화염전도/복사열,부주의,부주의,기타,146,구름조금,3,31,135,4,,화,2019,1,22,17:15,동부,,기,입목처분지 벌채작업 중 기계톱 불씨,,0.1,"8,897",겨울,0.896
9428,20190124,204205,24,강원,인제,서화,천도리,미상,미상,미상,미상,미상,미상,221,맑음,3,20,270,4,,목,2019,1,24,19:00,강원,천도,기,원인미상,,1,"41,482",겨울,0.896
0,20190125,4312,14,강원,원주,지정,가곡리,담뱃불,담뱃불/라이터불,담뱃불,부주의,담배꽁초,종이/목재/건초등,93,맑음,4,19,270,,한파주의보,금,2019,1,25,16:30,강원,가곡,기,파이프절단중 불씨발화,,0.3,"52,252",겨울,0.896
0,20190126,11139,21,강원,평창,방림,운교리,쓰레기소각장,마찰/전도/복사,화염전도/복사열,부주의,불씨/불꽃/화원방치,종이/목재/건초등,90,맑음,1,16,315,,풍랑경보,토,2019,1,26,15:32,강원,운교,기,화목보일러 재 방치,,0.05,"50,279",겨울,0.896
0,20190127,3707,22,강원,원주,신림,성남리,미상,미상,미상,미상,미상,종이/목재/건초등,79,맑음,-13,20,315,4,풍랑주의보,일,2019,1,27,22:40,강원,신림,입,입산자 실화,,0.2,"52,252",겨울,0.896
0,20190127,3707,22,강원,원주,신림,성남리,미상,미상,미상,미상,미상,종이/목재/건초등,79,맑음,-13,20,315,4,풍랑주의보,일,2019,1,27,4:50,강원,성남,담,담뱃불 실화,,0.1,"52,252",겨울,0.896
0,20190127,11728,21,강원,원주,신림,신림리,미상,미상,미상,미상,미상,미상,155,맑음,-2,65,315,4,,일,2019,1,27,22:40,강원,신림,입,입산자 실화,,0.2,"52,252",겨울,0.907
0,20190127,11728,21,강원,원주,신림,신림리,미상,미상,미상,미상,미상,미상,155,맑음,-2,65,315,4,,일,2019,1,27,4:50,강원,성남,담,담뱃불 실화,,0.1,"52,252",겨울,0.907
0,20190127,25659,11,강원,춘천,신북,유포리,미상,미상,미상,미상,미상,종이/목재/건초등,145,맑음,3,25,45,4,,일,2019,1,28,10:30,강원,유포,담,담뱃불 실화,,3.6,"51,062",겨울,0.907
0,20190129,3919,26,강원,횡성,청일,춘당리,논/밭두렁,불꽃/불티,쓰레기/논밭두렁,부주의,논/임야태우기,종이/목재/건초등,101,구름조금,4,23,225,4,,화,2019,1,29,14:30,강원,춘당,쓰,쓰레기 소각,,0.4,"44,302",겨울,0.907
3300,20190130,10608,18,강원,동해,신흥,,기타,미상,미상,미상,미상,미상,330,맑음,10,37,135,4,건조주의보,수,2019,1,30,20:00,강원,,기,굴삭기 화재,,0.34,"9,247",겨울,0.907
0,20190130,2610,7,강원,홍천,화촌,송정리,미상,미상,미상,부주의,불장난,종이/목재/건초등,100,맑음,6,38,270,4,,수,2019,1,30,18:30,강원,송정,기,원인미상,,0.05,"65,341",겨울,0.907
990,20200101,3001,4,강원,강릉,성산,위촌리,쓰레기소각장,불꽃/불티,쓰레기/논밭두렁,부주의,쓰레기소각,종이/목재/건초등,67,맑음,6,34,225,,건조주의보,공,2020,1,1,13:35,강원,위촌,쓰,쓰레기소각,,0.02,"37,109",겨울,0.907
0,20200103,22712,16,강원,춘천,서,오월리,미상,미상,미상,미상,미상,종이/목재/건초등,77,맑음,1,51,180,4,,금,2020,1,3,16:00,북부,오월,입,기타(직접입력),입산자실화(추정),0.7,"51,062",겨울,0.907
0,20200104,31117,0,강원,춘천,신북,발산리,미상,미상,미상,미상,미상,미상,0,맑음,5,41,225,4,풍랑주의보,토,2020,1,5,17:10,강원,발산,담,선택,,34.26,"51,062",겨울,0.907
0,20200104,2721,40,강원,정선,신동,덕천리,기타,불꽃/불티,쓰레기/논밭두렁,부주의,불씨/불꽃/화원방치,종이/목재/건초등,77,맑음,5,43,225,4,풍랑주의보,토,2020,1,4,15:40,강원,덕천,입,기타(직접입력),입산자실화 추정,0.04,"36,723",겨울,0.907
0,20200115,1851,2,강원,양양,양양,월리,기타,불꽃/불티,굴뚝아궁이,기계적요인,기계적요인,종이/목재/건초등,155,맑음,5,23,315,8,,수,2020,1,15,14:30,강원,월,기,기타(직접입력),화목보일러 불씨 부주의,0.02,"16,034",겨울,0.907
99,20200123,4318,22,강원,횡성,우천,하궁리,담뱃불,담뱃불/라이터불,담뱃불,부주의,담배꽁초,종이/목재/건초등,100,맑음,9,40,180,4,,목,2020,1,23,13:54,강원,하궁,기,기타(직접입력),원인미상,0.1,"44,302",겨울,0.907
0,20200131,11237,36,강원,홍천,서석,풍암리,미상,미상,미상,미상,미상,미상,79,맑음,8,41,225,4,,금,2020,1,31,15:00,강원,풍암,기,기타(직접입력),원인미상,0.01,"65,341",겨울,0.907
0,20210112,24740,28,강원,홍천,동,좌운리,입산자실화,미상,미상,미상,미상,미상,48,맑음,-8,59,270,4,,화,2021,1,12,17:00,북부,좌운,입,기타(직접입력),입산자실화,0.15,"65,341",겨울,0.907
0,20210112,24740,27,강원,홍천,동,좌운리,입산자실화,미상,미상,미상,미상,미상,48,맑음,-7,59,270,4,,화,2021,1,12,17:00,북부,좌운,입,기타(직접입력),입산자실화,0.15,"65,341",겨울,0.907
0,20210115,193251,11,강원,인제,인제,덕적리,기타,자연적발화열,낙뢰,자연적인요인,자연적인요인,종이/목재/건초등,54,비,-2,69,315,12,,금,2021,1,16,11:30,북부,덕적,입,기타(직접입력),입산자실화,0.21,"41,482",겨울,0.907
0,20210120,20028,14,강원,횡성,공근,공근리,입산자실화,미상,미상,미상,미상,종이/목재/건초등,92,맑음,6,31,225,4,,수,2021,1,20,16:30,강원,공근,입,기타(직접입력),입산자실화,0.09,"44,302",겨울,0.907
0,20210124,32655,10,강원,홍천,홍천,하오안리,기타,기타,기타,전기적요인,절연열화에의한단락,기타,17,맑음,7,62,180,4,,일,2021,1,24,21:00,북부,하오안,기,작업장실화,,0.7,"65,341",겨울,0.907
0,20210124,32655,9,강원,홍천,홍천,하오안리,기타,기타,기타,전기적요인,절연열화에의한단락,기타,17,맑음,7,62,180,4,,일,2021,1,24,21:00,북부,하오안,기,작업장실화,,0.7,"65,341",겨울,0.907
2900,20120205,4142,40,강원,고성,거진,거진리,입산자실화,담뱃불/라이터불,라이터불/성냥불,부주의,불장난,종이/목재/건초등,68,맑음,6,29,135,4,건조주의보,일,2012,2,5,16:49,강원,거진,입,입산자실화,,0.2,"19,750",겨울,0.907
0,20130228,10100,37,강원,삼척,원덕,호산리,논/밭두렁,불꽃/불티,쓰레기/논밭두렁,부주의,쓰레기소각,종이/목재/건초등,242,구름많음,10,41,225,4,,목,2013,2,28,13:00,강원,호산,기,농산폐기물소각,,0.02,"40,519",겨울,0.907
0,20140227,5719,16,강원,횡성,우천,하대리,논/밭두렁,불꽃/불티,쓰레기/논밭두렁,부주의,논/임야태우기,종이/목재/건초등,107,맑음,12,490,90,4,,목,2014,2,27,13:45,강원,하대,기,논밭두렁 소각,,0.25,"44,631",겨울,0.907
5701,20150201,10433,68,강원,춘천,북산,조교리,입산자실화,미상,미상,부주의,부주의,종이/목재/건초등,88,맑음,3,34,225,4,,일,2015,2,1,17:43,강원,조교,입,입산자실화 추정,,0.1,"51,062",겨울,0.907
44174,20150208,32008,45,강원,삼척,가곡,오목리,미상,불꽃/불티,굴뚝아궁이,부주의,부주의,종이/목재/건초등,3743,맑음,-10,26,135,4,풍랑주의보,일,2015,2,11,10:00,강원,오목,기,화목보일러 불똥,,52,"40,191",겨울,0.907
0,20150226,11703,8,강원,원주,태장,,기타,담뱃불/라이터불,라이터불/성냥불,부주의,불장난,종이/목재/건초등,96,맑음,6,30,270,8,풍랑주의보,목,2015,2,26,15:35,강원,,기,어린이 불장난,,0.2,"52,641",겨울,0.907
0,20160201,1626,29,강원,원주,신림,,담뱃불,담뱃불/라이터불,담뱃불,부주의,담배꽁초,종이/목재/건초등,40,맑음,0,0,,,,월,2016,2,1,15:30,북부,황둔,입,기타(직접입력),성묘객 담뱃불,0.01,"52,252",겨울,0.907
0,20160201,14429,28,강원,홍천,내촌,,쓰레기소각장,불꽃/불티,모닥불/연탄/숯,부주의,불씨/불꽃/화원방치,종이/목재/건초등,143,맑음,0,0,,,,월,2016,2,1,19:30,강원,답풍,기,기타(직접입력),화목보일러 재,0.3,"65,341",겨울,0.907
0,20160204,4702,26,강원,원주,문막,,쓰레기소각장,불꽃/불티,쓰레기/논밭두렁,부주의,쓰레기소각,종이/목재/건초등,75,맑음,2,30,225,4,,목,2016,2,4,12:44,강원,취병,쓰,쓰레기소각,,0.05,"52,252",겨울,0.907
0,20160204,10411,3,강원,춘천,동,,논/밭두렁,불꽃/불티,모닥불/연탄/숯,부주의,불씨/불꽃/화원방치,종이/목재/건초등,103,구름조금,5,29,225,4,,목,2016,2,4,17:00,강원,장학,기,기타(직접입력),나무보일러 재 비화,1,"51,062",겨울,0.907
586,20160205,13907,31,강원,횡성,우천,,쓰레기소각장,불꽃/불티,쓰레기/논밭두렁,부주의,쓰레기소각,종이/목재/건초등,185,구름조금,3,26,180,4,,금,2016,2,5,17:50,강원,하궁,쓰,쓰레기 소각(낙엽)_,,0.8,"44,302",겨울,0.907
0,20160208,21135,14,강원,횡성,횡성,,논/밭두렁,불꽃/불티,쓰레기/논밭두렁,부주의,논/임야태우기,종이/목재/건초등,222,맑음,0,60,225,4,대설주의보,월,2016,2,8,15:45,강원,정암,기,농산폐기물 소각,,3,"44,302",겨울,0.907
910,20160210,2216,30,강원,춘천,북산,,입산자실화,담뱃불/라이터불,촛불,부주의,불씨/불꽃/화원방치,침구/직물류,110,맑음,6,28,135,4,,수,2016,2,10,15:45,강원,청평,기,무속행위,,0.02,"51,062",겨울,0.907
617,20160218,25100,7,강원,동해,발한,,담뱃불,담뱃불/라이터불,담뱃불,부주의,담배꽁초,종이/목재/건초등,504,맑음,8,41,225,4,,목,2016,2,19,2:00,강원,,기,기타(직접입력),원인미상,0.8,"9,247",겨울,0.907
0,20160221,21100,39,강원,정선,신동,,기타,작동기기,전기적아크,전기적요인,절연열화에의한단락,전기/전자,155,맑음,-1,30,180,4,,일,2016,2,21,13:30,강원,조동,기,기타(직접입력),철도 고압선 절단 스파크,0.3,"36,723",겨울,0.907
0,20160221,14800,27,강원,정선,남,,기타,불꽃/불티,굴뚝아궁이,부주의,불씨/불꽃/화원방치,종이/목재/건초등,112,맑음,-4,63,135,4,,일,2016,2,21,17:35,강원,무릉,기,기타(직접입력),화목보일러 불씨 비화추정,0.3,"36,723",겨울,0.907
0,20160223,10906,29,강원,인제,북,,미상,미상,미상,미상,미상,종이/목재/건초등,103,구름조금,3,27,315,4,,화,2016,2,23,16:30,강원,용대,입,기타(직접입력),입산자 실화추정,1,"41,482",겨울,0.907
0,20160223,10201,57,강원,양구,양구,,군경사격장,폭발물/폭죽,폭탄/탄약,부주의,불씨/불꽃/화원방치,종이/목재/건초등,122,흐림,5,28,270,8,건조주의보,화,2016,2,23,15:54,강원,한전,기,기타(직접입력),UDT훈련중 교탄사용,0.5,"19,868",겨울,0.919
0,20160223,4800,49,강원,화천,사내,,담뱃불,담뱃불/라이터불,담뱃불,부주의,담배꽁초,종이/목재/건초등,35,흐림,-4,65,315,4,,화,2016,2,23,19:30,강원,광덕,입,등산객실화,,0.03,"31,778",겨울,0.919
550,20160226,2105,10,강원,춘천,동내,,쓰레기소각장,불꽃/불티,쓰레기/논밭두렁,부주의,논/임야태우기,종이/목재/건초등,60,맑음,7,22,225,4,,금,2016,2,26,15:35,강원,학곡,기,논밭두렁소각,,0.01,"51,062",겨울,0.919
0,20160226,5518,32,강원,영월,상동,,쓰레기소각장,불꽃/불티,쓰레기/논밭두렁,부주의,쓰레기소각,종이/목재/건초등,90,구름조금,6,0,270,8,,금,2016,2,26,16:15,강원,내덕,쓰,쓰레기소각,,0.05,"34,137",겨울,0.919
0,20170221,4823,12,강원,강릉,강동,안인진리,입산자실화,담뱃불/라이터불,라이터불/성냥불,부주의,쓰레기소각,쓰레기류,115,맑음,5,35,135,4,,화,2017,2,21,12:55,강원,안인진,입,등산객실화,,0.03,"37,109",겨울,0.919
0,20170222,3332,11,강원,강릉,강동,안인진리,기타,불꽃/불티,불꽃/불티,부주의,부주의,종이/목재/건초등,105,흐림,4,42,315,4,,수,2017,2,22,9:45,강원,안인진,입,등산객실화,,0.01,"37,109",겨울,0.919
0,20170228,3751,39,강원,홍천,내촌,물걸리,논/밭두렁,불꽃/불티,쓰레기/논밭두렁,부주의,쓰레기소각,쓰레기류,110,맑음,0,0,,,,화,2017,2,28,11:52,강원,물걸,쓰,쓰레기소각,,0.2,"65,341",겨울,0.919
0,20180201,5327,39,강원,홍천,서석,검산리,담뱃불,담뱃불/라이터불,담뱃불,부주의,담배꽁초,종이/목재/건초등,100,맑음,-1,40,315,4,,목,2018,2,1,17:00,북부,검산,입,등산객실화,,0.02,"65,341",겨울,0.919
0,20180208,12813,62,강원,양구,남,청리,담뱃불,담뱃불/라이터불,담뱃불,부주의,담배꽁초,종이/목재/건초등,94,맑음,2,22,135,4,,목,2018,2,8,17:55,북부,가오작,입,등산객실화,,0.06,"19,868",겨울,0.919
0,20180209,5834,26,강원,춘천,동산,조양리,쓰레기소각장,불꽃/불티,모닥불/연탄/숯,부주의,불씨/불꽃/화원방치,종이/목재/건초등,69,맑음,-10,72,45,4,,금,2018,2,9,8:00,강원,조양,기,기타(직접입력),화목보일러 재투기,0.01,"51,062",겨울,0.919
317680,20180211,152243,38,강원,삼척,도계,황조리,미상,미상,미상,미상,미상,미상,0,구름조금,-11,57,225,12,풍랑경보,일,2018,2,13,21:00,강원,황조,기,기타(직접입력),원인미상,76.46,"40,191",겨울,0.919
0,20180212,12904,15,강원,횡성,공근,가곡리,기타,불꽃/불티,모닥불/연탄/숯,부주의,불씨/불꽃/화원방치,종이/목재/건초등,103,맑음,-3,37,270,8,풍랑주의보,월,2018,2,12,13:50,강원,가곡,기,기타(직접입력),화목보일러 재투기,0.1,"44,302",겨울,0.919
0,20180216,11443,5,강원,평창,평창,유동리,담뱃불,담뱃불/라이터불,담뱃불,부주의,담배꽁초,종이/목재/건초등,168,맑음,5,20,315,4,,금,2018,2,16,15:20,강원,유동,기,성묘객실화,,0.5,"50,279",겨울,0.919
4207,20180219,3606,28,강원,원주,부론,노림리,축사/비닐하우스,화학적발화열,화학반응열,화학적요인,자연발화,쓰레기류,133,맑음,6,28,225,4,건조주의보,월,2018,2,19,16:30,강원,노림,건,기타(직접입력),폐축사 화재,0.5,"52,252",겨울,0.919
0,20180220,5216,47,강원,정선,신동,운치리,논/밭두렁,불꽃/불티,쓰레기/논밭두렁,부주의,논/임야태우기,종이/목재/건초등,159,맑음,6,24,225,4,,화,2018,2,20,17:28,강원,운치,기,논밭두렁소각,,0.1,"36,723",겨울,0.919
0,20190227,4323,30,강원,평창,용평,장평리,쓰레기소각장,불꽃/불티,비화,부주의,불씨/불꽃/화원방치,종이/목재/건초등,86,맑음,8,50,180,4,,수,2019,2,27,12:50,강원,장평,쓰,쓰레기 소각,,0.1,"50,279",겨울,0.919
0,20190227,12355,15,강원,춘천,서,서상리,논/밭두렁,담뱃불/라이터불,라이터불/성냥불,부주의,쓰레기소각,종이/목재/건초등,87,구름조금,13,34,225,4,,수,2019,2,27,17:00,강원,서상,기,농산폐기물 소각,,1,"51,062",겨울,0.919
0,20200208,3815,33,강원,춘천,남산,백양리,쓰레기소각장,불꽃/불티,쓰레기/논밭두렁,부주의,쓰레기소각,종이/목재/건초등,72,맑음,-4,72,315,4,풍랑주의보,토,2020,2,8,8:30,강원,백양,쓰,쓰레기소각,,0.03,"51,062",겨울,0.919
4194,20200209,32958,30,강원,원주,신림,황둔리,담뱃불,담뱃불/라이터불,담뱃불,부주의,담배꽁초,종이/목재/건초등,108,맑음,-1,43,270,4,,일,2020,2,9,20:04,강원,황둔,담,담뱃불실화,,0.4,"52,252",겨울,0.919
408,20200224,41008,28,강원,춘천,남산,산수리,논/밭두렁,담뱃불/라이터불,라이터불/성냥불,부주의,논/임야태우기,종이/목재/건초등,108,맑음,10,45,135,4,,월,2020,2,24,15:15,강원,산수,기,논밭두렁소각,,0.1,"51,062",겨울,0.919
0,20210205,44204,15,강원,정선,북평,장열리,기타,불꽃/불티,용접/절단/연마,부주의,용접/절단/연마,종이/목재/건초등,140,맑음,5,47,225,8,강풍주의보,금,2021,2,5,19:11,동부,장열,기,기타(직접입력),원인미상,2.02,"36,723",겨울,0.919
0,20210205,44204,15,강원,정선,북평,장열리,기타,불꽃/불티,용접/절단/연마,부주의,용접/절단/연마,종이/목재/건초등,140,맑음,4,47,225,8,강풍주의보,금,2021,2,5,19:11,동부,장열,기,기타(직접입력),원인미상,2.02,"36,723",겨울,0.919
0,20210209,42625,20,강원,삼척,신기,서하리,기타,불꽃/불티,모닥불/연탄/숯,부주의,불씨/불꽃/화원방치,종이/목재/건초등,369,맑음,6,27,315,4,건조주의보,화,2021,2,9,23:00,강원,서하,기,기타(직접입력),연탄재처리부주의,3.7,"40,191",겨울,0.919
0,20210209,42625,20,강원,삼척,신기,서하리,기타,불꽃/불티,모닥불/연탄/숯,부주의,불씨/불꽃/화원방치,종이/목재/건초등,369,맑음,6,27,315,4,건조주의보,화,2021,2,9,23:00,강원,서하,기,기타(직접입력),연탄재처리부주의,3.7,"40,191",겨울,0.919
264,20210210,11835,23,강원,홍천,동,좌운리,입산자실화,불꽃/불티,불꽃/불티,부주의,불씨/불꽃/화원방치,기타,41,맑음,6,70,135,4,,수,2021,2,10,15:30,강원,좌운,입,기타(직접입력),입산자실화,0.01,"65,341",겨울,0.919
0,20210216,24845,29,강원,강릉,옥계,현내리,미상,담뱃불/라이터불,담뱃불,부주의,담배꽁초,종이/목재/건초등,209,맑음,1,30,315,8,,화,2021,2,16,19:20,강원,산계,입,기타(직접입력),입산자실화(담뱃불),2.7,"37,109",겨울,0.919
0,20210216,24845,28,강원,강릉,옥계,현내리,미상,담뱃불/라이터불,담뱃불,부주의,담배꽁초,종이/목재/건초등,209,맑음,0,30,315,8,,화,2021,2,16,19:20,강원,산계,입,기타(직접입력),입산자실화(담뱃불),2.7,"37,109",겨울,0.919
49636,20210218,55140,7,강원,양양,양양,사천리,논/밭두렁,불꽃/불티,불꽃/불티,부주의,부주의,종이/목재/건초등,1028,맑음,-1,32,225,8,건조경보,목,2021,2,19,10:00,강원,사천,기,기타(직접입력),원인미상,3.62,"16,034",겨울,0.919
0,20210218,1222,7,강원,양양,양양,조산리,기타,담뱃불/라이터불,담뱃불,부주의,담배꽁초,종이/목재/건초등,22,맑음,-8,43,270,4,,목,2021,2,19,10:00,강원,사천,기,기타(직접입력),원인미상,3.62,"16,034",겨울,0.919
4857,20210220,173328,29,강원,정선,여량,구절리,기타,불꽃/불티,불꽃/불티,부주의,불씨/불꽃/화원방치,기타,421,맑음,12,30,45,4,,토,2021,2,22,3:00,동부,구절,기,기타(직접입력),아궁이재투기,24.56,"36,723",겨울,0.919
4857,20210220,173328,28,강원,정선,여량,구절리,기타,불꽃/불티,불꽃/불티,부주의,불씨/불꽃/화원방치,기타,421,맑음,11,30,45,4,,토,2021,2,22,3:00,동부,구절,기,기타(직접입력),아궁이재투기,24.56,"36,723",겨울,0.919
0,20210222,4716,22,강원,화천,간동,간척리,미상,미상,미상,미상,미상,기타,81,맑음,14,39,270,4,건조주의보,월,2021,2,22,16:06,강원,간척,기,기타(직접입력),원인미상,0.1,"31,778",겨울,0.919
0,20210222,4716,21,강원,화천,간동,간척리,미상,미상,미상,미상,미상,기타,81,맑음,13,39,270,4,건조주의보,월,2021,2,22,16:06,강원,간척,기,기타(직접입력),원인미상,0.1,"31,778",겨울,0.919
0,20210226,35402,21,강원,홍천,북방,전치곡리,미상,미상,미상,미상,미상,미상,106,맑음,10,35,90,4,,금,2021,2,26,16:00,강원,전치곡,입,기타(직접입력),입산자실화,0.1,"65,341",겨울,0.919
0,20210226,35402,20,강원,홍천,북방,전치곡리,미상,미상,미상,미상,미상,미상,106,맑음,10,35,90,4,,금,2021,2,26,16:00,강원,전치곡,입,기타(직접입력),입산자실화,0.1,"65,341",겨울,0.919
457,20130304,5200,16,강원,삼척,근덕,동막3리,논/밭두렁,불꽃/불티,쓰레기/논밭두렁,부주의,쓰레기소각,쓰레기류,170,맑음,5,38,0,4,,월,2013,3,4,14:00,강원,동막,쓰,쓰레기소각,,0.2,"40,519",봄,0.919
0,20130306,5000,29,강원,춘천,남산,산수리,논/밭두렁,불꽃/불티,쓰레기/논밭두렁,부주의,쓰레기소각,종이/목재/건초등,118,맑음,11,54,135,4,,수,2013,3,6,17:10,강원,산수,기,농산폐기물소각,,0.05,"53,207",봄,0.919
457,20130308,11618,50,강원,양양,현남,하월천리,쓰레기소각장,불꽃/불티,쓰레기/논밭두렁,부주의,쓰레기소각,종이/목재/건초등,721,맑음,14,35,270,8,건조주의보,금,2013,3,8,14:30,강원,하월천,쓰,쓰레기소각,,1,"16,214",봄,0.919
0,20130309,4300,30,강원,춘천,북산,오항리,쓰레기소각장,불꽃/불티,쓰레기/논밭두렁,부주의,쓰레기소각,종이/목재/건초등,75,맑음,21,26,225,4,,토,2013,3,9,14:20,강원,오항,쓰,쓰레기소각,,0.3,"53,207",봄,0.919
1,20130311,2600,57,강원,양구,양구,군량리,논/밭두렁,불꽃/불티,쓰레기/논밭두렁,부주의,논/임야태우기,종이/목재/건초등,95,맑음,8,44,225,4,,월,2013,3,11,13:30,강원,군량,기,농산폐기물소각,,0.1,"19,961",봄,0.919
2889,20130316,11100,15,강원,양양,강현,방축리,논/밭두렁,불꽃/불티,쓰레기/논밭두렁,부주의,논/임야태우기,종이/목재/건초등,181,맑음,13,31,90,,,토,2013,3,16,12:51,강원,방축,기,농산폐기물소각,,0.2,"16,214",봄,0.919
1320,20130323,4306,21,강원,원주,지정,안창리,미상,미상,미상,미상,미상,종이/목재/건초등,73,맑음,7,56,180,4,,토,2013,3,23,15:40,강원,안창,기,성묘객실화,,0.1,"52,641",봄,0.919
156231,20130327,21710,20,강원,춘천,남산,강촌리,기타,담뱃불/라이터불,라이터불/성냥불,부주의,쓰레기소각,쓰레기류,91,맑음,15,13,225,4,,수,2013,3,27,18:30,강원,강촌,기,농산폐기물소각,,4,"53,207",봄,0.919
4765,20130327,3959,3,강원,홍천,홍천,희망2리,담뱃불,담뱃불/라이터불,담뱃불,부주의,담배꽁초,종이/목재/건초등,206,맑음,17,14,225,4,,수,2013,3,27,18:40,강원,희망,담,담뱃불실화,,0.1,"66,533",봄,0.919
0,20130328,2029,2,강원,강릉,교,,기타,담뱃불/라이터불,라이터불/성냥불,방화,방화,종이/목재/건초등,22,맑음,4,37,225,4,,목,2013,3,28,2:55,강원,,기,방화,,0.02,"37,549",봄,0.919
0,20140303,924,27,강원,원주,흥업,매지리,논/밭두렁,담뱃불/라이터불,라이터불/성냥불,부주의,논/임야태우기,종이/목재/건초등,53,맑음,10,60,315,4,,월,2014,3,3,12:50,강원,매지,기,논밭두렁 소각,,0.1,"52,641",봄,0.919
0,20140303,2918,5,강원,원주,관설,,논/밭두렁,담뱃불/라이터불,라이터불/성냥불,부주의,논/임야태우기,종이/목재/건초등,70,맑음,10,25,315,4,,월,2014,3,3,15:00,강원,,기,논밭두렁 소각,,0.06,"52,641",봄,0.919
0,20140305,4136,33,강원,춘천,남,가정리,담뱃불,담뱃불/라이터불,라이터불/성냥불,부주의,기타(부주의),쓰레기류,100,맑음,6,22,,8,,수,2014,3,5,16:30,강원,가정,기,농산폐기물 소각,,0.01,"53,207",봄,0.919
0,20140307,90743,12,강원,영월,김삿갓,진별리,논/밭두렁,불꽃/불티,쓰레기/논밭두렁,부주의,쓰레기소각,종이/목재/건초등,411,맑음,2,17,315,4,건조주의보,금,2014,3,7,17:30,강원,진별,기,농산폐기물 소각,,2,"34,604",봄,0.919
0,20140307,10012,21,강원,춘천,서,당림리,담뱃불,담뱃불/라이터불,담뱃불,부주의,담배꽁초,종이/목재/건초등,58,맑음,5,23,315,4,,금,2014,3,7,15:00,강원,당림,기,용접불씨연소,,0.05,"53,207",봄,0.919
0,20140307,11734,16,강원,홍천,북방,북방리,기타,불꽃/불티,굴뚝아궁이,기타,기타,종이/목재/건초등,107,맑음,5,13,225,4,,금,2014,3,7,16:45,강원,북방,기,굴뚝불씨연소,,0.2,"66,533",봄,0.919
0,20140310,11800,40,강원,화천,화천,아리,논/밭두렁,불꽃/불티,쓰레기/논밭두렁,부주의,쓰레기소각,쓰레기류,95,맑음,5,0,270,4,,월,2014,3,10,12:45,강원,아,기,농산폐기물소각 추정,,0.12,"31,898",봄,0.919
0,20140311,1538,33,강원,원주,귀래,용암리,담뱃불,담뱃불/라이터불,담뱃불,부주의,담배꽁초,종이/목재/건초등,95,맑음,4,38,0,,,화,2014,3,11,17:50,강원,용암,입,입산자 실화,,0.06,"52,641",봄,0.919
0,20140324,10032,24,강원,홍천,두촌,자은리,기타,불꽃/불티,불꽃/불티,부주의,기타(부주의),종이/목재/건초등,128,맑음,16,0,180,8,,월,2014,3,24,17:10,북부,자은,기,전기누전추정,,0.2,"66,533",봄,0.919
4332,20140324,5552,13,강원,양양,강현,전진리,기타,작동기기,불꽃/스파크/정전기,전기적요인,누전/지락,종이/목재/건초등,615,맑음,15,31,225,8,건조주의보,월,2014,3,24,20:20,강원,전진,기,기타(직접입력),전선스파크 추정,0.3,"16,214",봄,0.919
0,20140327,5627,1,강원,철원,갈말,문혜리,입산자실화,담뱃불/라이터불,라이터불/성냥불,부주의,불씨/불꽃/화원방치,종이/목재/건초등,38,맑음,21,27,225,4,,목,2014,3,27,17:00,강원,문혜,입,기타(직접입력),입산자실화 추정,0.03,"41,764",봄,0.919
310,20140327,11655,47,강원,홍천,서,모곡리,기타,불꽃/불티,용접/절단/연마,부주의,용접/절단/연마,종이/목재/건초등,104,맑음,22,19,270,4,,목,2014,3,27,18:37,강원,모곡,기,작업장실화,,0.2,"66,533",봄,0.919
1340,20140327,12018,48,강원,평창,용평,노동리,미상,미상,미상,미상,미상,종이/목재/건초등,263,맑음,17,32,270,4,,목,2014,3,27,20:35,동부,노동,기,기타(직접입력),원인미상,0.15,"50,856",봄,0.919
0,20150302,5700,14,강원,인제,북,한계리,담뱃불,담뱃불/라이터불,담뱃불,부주의,담배꽁초,종이/목재/건초등,124,맑음,8,54,315,4,,월,2015,3,2,17:20,강원,한계,입,입산자실화 추정,,0.01,"41,921",봄,0.919
0,20150307,3800,6,강원,춘천,동,감정리,쓰레기소각장,담뱃불/라이터불,라이터불/성냥불,부주의,쓰레기소각,종이/목재/건초등,146,맑음,12,26,0,4,,토,2015,3,7,15:10,강원,감정,쓰,잔디소각,,0.2,"51,062",봄,0.919
0,20150308,3144,30,강원,횡성,청일,갑천리,논/밭두렁,불꽃/불티,쓰레기/논밭두렁,부주의,쓰레기소각,종이/목재/건초등,67,구름조금,9,39,180,4,,일,2015,3,8,12:00,강원,갑천,기,농산폐기물 소각,,0.1,"44,302",봄,0.919
534,20150308,21111,22,강원,고성,죽왕,구성리,쓰레기소각장,불꽃/불티,쓰레기/논밭두렁,부주의,쓰레기소각,종이/목재/건초등,529,구름조금,8,61,90,4,,일,2015,3,8,14:00,강원,구성,쓰,쓰레기 소각,,0.9,"18,473",봄,0.919
1375,20150308,5144,6,강원,강릉,성산,위촌리,논/밭두렁,담뱃불/라이터불,담뱃불,부주의,담배꽁초,종이/목재/건초등,100,맑음,12,51,180,4,,일,2015,3,8,15:10,강원,위촌,담,담뱃불 실화,,0.1,"37,109",봄,0.919
0,20150309,4900,10,강원,춘천,신북,발산리,기타,불꽃/불티,굴뚝아궁이,부주의,불씨/불꽃/화원방치,종이/목재/건초등,59,맑음,8,21,315,8,,월,2015,3,9,15:00,강원,발산,기,나무보일러 불똥비화,,0.01,"51,062",봄,0.919
649,20150309,14604,6,강원,춘천,동,지내리,담뱃불,담뱃불/라이터불,담뱃불,부주의,담배꽁초,종이/목재/건초등,261,맑음,8,23,270,4,한파주의보,월,2015,3,9,16:26,강원,지내,기,원인미상,,0.4,"51,062",봄,0.919
385,20150311,3334,21,강원,강릉,연곡,유등리,논/밭두렁,불꽃/불티,비화,부주의,부주의,종이/목재/건초등,71,구름조금,5,42,270,8,풍랑주의보,수,2015,3,11,17:49,강원,유등,기,농산폐기물 소각,,0.1,"37,109",봄,0.919
0,20150311,4110,16,강원,홍천,동,노천리,담뱃불,담뱃불/라이터불,담뱃불,부주의,담배꽁초,종이/목재/건초등,76,맑음,4,17,270,4,풍랑주의보,수,2015,3,11,19:47,강원,노천,입,입산자실화 추정,,0.03,"65,341",봄,0.919
0,20150314,848,6,강원,강릉,유천,,담뱃불,담뱃불/라이터불,담뱃불,부주의,담배꽁초,종이/목재/건초등,37,맑음,0,0,,,,토,2015,3,14,12:12,강원,,기,원인미상,,0.02,"37,109",봄,0.919
0,20150314,1513,59,강원,양구,동,팔랑리,쓰레기소각장,불꽃/불티,쓰레기/논밭두렁,부주의,쓰레기소각,종이/목재/건초등,60,맑음,7,29,315,4,,토,2015,3,14,14:20,강원,팔랑,쓰,쓰레기 소각,,0.07,"19,868",봄,0.925
162,20150314,5634,16,강원,홍천,남,명동리,쓰레기소각장,불꽃/불티,쓰레기/논밭두렁,부주의,쓰레기소각,종이/목재/건초등,137,맑음,10,15,90,4,,토,2015,3,14,16:48,강원,명동,쓰,쓰레기 소각,,0.8,"65,341",봄,0.925
0,20150315,23011,10,강원,동해,쇄운,,기타,담뱃불/라이터불,담뱃불,부주의,담배꽁초,종이/목재/건초등,263,맑음,12,56,45,4,건조경보,일,2015,3,15,17:15,강원,,기,원인미상,,1.5,"9,247",봄,0.925
0,20150317,22000,45,강원,삼척,원덕,이천리,논/밭두렁,기타,기타,부주의,부주의,종이/목재/건초등,227,맑음,17,30,90,4,,화,2015,3,17,18:40,동부,이천,기,밭두렁 소각,,1.92,"40,191",봄,0.925
0,20150319,5700,55,강원,화천,사내,삼일리,논/밭두렁,담뱃불/라이터불,담뱃불,부주의,담배꽁초,종이/목재/건초등,54,맑음,20,30,225,4,,목,2015,3,19,16:10,강원,삼일,입,입산자실화 추정,,0.02,"31,778",봄,0.925
0,20150321,11300,37,강원,화천,화천,아리,논/밭두렁,담뱃불/라이터불,라이터불/성냥불,부주의,논/임야태우기,종이/목재/건초등,136,맑음,0,0,,,,토,2015,3,21,15:12,강원,아,기,농산폐기물 소각,,0.3,"31,778",봄,0.925
0,20150322,12100,35,강원,영월,주천,판운리,쓰레기소각장,불꽃/불티,쓰레기/논밭두렁,부주의,쓰레기소각,종이/목재/건초등,117,맑음,7,30,45,8,,일,2015,3,22,15:15,강원,판운,기,재로인한 발화,,0.1,"34,137",봄,0.925
15037,20150322,202300,25,강원,화천,간동,도송리,쓰레기소각장,담뱃불/라이터불,라이터불/성냥불,부주의,쓰레기소각,종이/목재/건초등,445,맑음,12,14,45,8,,일,2015,3,23,10:30,강원,도송,쓰,쓰레기 소각,,67.3,"31,778",봄,0.925
0,20150322,34628,29,강원,횡성,청일,신대리,쓰레기소각장,불꽃/불티,모닥불/연탄/숯,부주의,불씨/불꽃/화원방치,종이/목재/건초등,337,맑음,15,7,315,8,,일,2015,3,22,18:30,북부,신대,기,재로인한 발화,,0.3,"44,302",봄,0.925
1516,20150322,41300,24,강원,홍천,두촌,천현리,기타,불꽃/불티,용접/절단/연마,부주의,용접/절단/연마,종이/목재/건초등,319,맑음,11,12,315,8,,일,2015,3,22,21:40,강원,천현,기,용접작업 비화,,10.8,"65,341",봄,0.925
0,20150323,2900,11,강원,철원,갈말,토성리,쓰레기소각장,불꽃/불티,쓰레기/논밭두렁,부주의,쓰레기소각,종이/목재/건초등,71,맑음,4,12,270,4,풍랑주의보,월,2015,3,23,10:53,강원,토성,쓰,쓰레기 소각,,0.1,"37,983",봄,0.925
0,20150323,22600,20,강원,인제,인제,가아리,모닥불,불꽃/불티,모닥불/연탄/숯,부주의,불씨/불꽃/화원방치,종이/목재/건초등,732,맑음,8,14,180,4,건조주의보,월,2015,3,23,20:45,북부,가아,기,군부대 진지보수,,3,"41,482",봄,0.925
2269,20150323,44223,16,강원,홍천,화촌,군업리,미상,담뱃불/라이터불,담뱃불,부주의,담배꽁초,종이/목재/건초등,590,맑음,0,0,,,,월,2015,3,24,18:00,강원,군업,입,입산자실화 추정,,37.1,"65,341",봄,0.925
0,20150324,21106,32,강원,홍천,내촌,와야리,담뱃불,담뱃불/라이터불,담뱃불,부주의,담배꽁초,종이/목재/건초등,216,맑음,13,0,45,4,,화,2015,3,24,19:00,북부,와야,기,원인미상,,0.2,"65,341",봄,0.925
0,20150325,14801,46,강원,홍천,서석,생곡리,기타,담뱃불/라이터불,담뱃불,부주의,담배꽁초,종이/목재/건초등,229,맑음,12,19,45,4,,수,2015,3,25,15:27,북부,생곡,담,담뱃불 실화,,0.1,"65,341",봄,0.925
0,20150325,20000,35,강원,삼척,도계,점리,기타,불꽃/불티,쓰레기/논밭두렁,부주의,부주의,종이/목재/건초등,178,맑음,7,57,135,4,,수,2015,3,25,18:00,강원,점,입,입산자실화 추정,,0.8,"40,191",봄,0.925
1885,20150325,10558,25,강원,원주,귀래,주포리,논/밭두렁,불꽃/불티,쓰레기/논밭두렁,부주의,논/임야태우기,종이/목재/건초등,74,맑음,7,18,0,8,,수,2015,3,25,17:35,강원,주포,기,농산폐기물 소각,,0.06,"52,252",봄,0.925
9900,20150325,10308,20,강원,평창,미탄,백운리,담뱃불,담뱃불/라이터불,담뱃불,부주의,담배꽁초,종이/목재/건초등,113,맑음,13,9,180,4,,수,2015,3,25,17:55,강원,백운,담,담뱃불 실화,,0.6,"50,279",봄,0.925
0,20150325,135323,38,강원,홍천,내촌,와야리,기타,불꽃/불티,불꽃/불티,부주의,부주의,종이/목재/건초등,291,맑음,11,19,225,4,,수,2015,3,26,17:00,북부,와야,입,입산자실화 추정,,4.8,"65,341",봄,0.925
1584,20150325,3615,31,강원,춘천,남산,방하리,미상,담뱃불/라이터불,담뱃불,부주의,담배꽁초,종이/목재/건초등,86,맑음,5,41,135,4,,수,2015,3,25,22:00,강원,방하,기,원인미상,,0.05,"51,062",봄,0.925
0,20150326,25600,10,강원,삼척,도경,,담뱃불,불꽃/불티,불꽃/불티,부주의,담배꽁초,종이/목재/건초등,783,맑음,14,32,180,4,,목,2015,3,26,15:50,강원,,입,입산자실화 추정,,0.8,"40,191",봄,0.925
0,20150326,23519,35,강원,원주,신림,황둔리,논/밭두렁,불꽃/불티,쓰레기/논밭두렁,부주의,불씨/불꽃/화원방치,종이/목재/건초등,157,맑음,13,20,315,4,,목,2015,3,26,16:50,북부,황둔,기,농산폐기물 소각(고춧대),,1.5,"52,252",봄,0.925
72224,20150328,43021,20,강원,평창,미탄,평안리,미상,미상,미상,미상,미상,미상,520,구름조금,17,5,225,8,,토,2015,3,28,22:30,동부,평안,기,원인미상,,11.1,"50,279",봄,0.925
0,20150329,1653,6,강원,원주,태장,,담뱃불,담뱃불/라이터불,담뱃불,부주의,담배꽁초,종이/목재/건초등,55,구름조금,16,39,135,4,,일,2015,3,29,13:39,강원,,입,입산자실화 추정,,0.05,"52,252",봄,0.925
0,20150329,1919,30,강원,춘천,남산,백양리,쓰레기소각장,불꽃/불티,쓰레기/논밭두렁,부주의,쓰레기소각,종이/목재/건초등,58,구름조금,18,29,180,4,,일,2015,3,29,15:30,강원,백양,쓰,쓰레기 소각,,0.03,"51,062",봄,0.925
0,20150330,22837,21,강원,춘천,남산,강촌리,입산자실화,담뱃불/라이터불,담뱃불,부주의,부주의,종이/목재/건초등,111,구름조금,19,28,270,4,,월,2015,3,30,15:30,강원,강촌,입,입산자실화 추정,,0.1,"51,062",봄,0.925
0,20160302,3740,11,강원,강릉,성산,,기타,불꽃/불티,굴뚝아궁이,부주의,부주의,종이/목재/건초등,158,맑음,6,49,225,4,,수,2016,3,2,19:30,강원,어흘,기,기타(직접입력),화목보일러 불씨비화 추정,0.1,"37,109",봄,0.925
0,20160304,1705,28,강원,춘천,북산,,담뱃불,담뱃불/라이터불,담뱃불,부주의,담배꽁초,종이/목재/건초등,83,맑음,0,0,,,,금,2016,3,4,14:50,강원,추곡,입,등산객실화,,0.03,"51,062",봄,0.925
0,20160304,10106,22,강원,철원,갈말,,미상,자연적발화열,햇볕,자연적인요인,돋보기효과,종이/목재/건초등,53,맑음,18,26,270,4,,금,2016,3,4,20:10,북부,문혜,기,기타(직접입력),원인미상,0.1,"37,983",봄,0.925
0,20160306,5737,15,강원,정선,남,,쓰레기소각장,불꽃/불티,쓰레기/논밭두렁,부주의,쓰레기소각,종이/목재/건초등,113,구름조금,13,24,225,4,,일,2016,3,6,17:00,강원,유평,쓰,쓰레기소각,,0.1,"36,723",봄,0.925
0,20160315,4500,50,강원,화천,상서,,미상,미상,미상,부주의,불씨/불꽃/화원방치,종이/목재/건초등,63,맑음,0,0,,,,화,2016,3,15,18:09,강원,부촌,입,기타(직접입력),입산자 실화추정,0.1,"31,778",봄,0.925
0,20160316,5623,4,강원,영월,북,,논/밭두렁,불꽃/불티,쓰레기/논밭두렁,부주의,쓰레기소각,종이/목재/건초등,92,맑음,10,26,270,4,,수,2016,3,16,12:20,강원,문곡,기,농산폐기물소각,,0.02,"34,137",봄,0.925
0,20160316,4704,14,강원,횡성,우천,,쓰레기소각장,불꽃/불티,쓰레기/논밭두렁,부주의,쓰레기소각,쓰레기류,64,맑음,0,0,,,,수,2016,3,16,13:45,강원,오원,쓰,쓰레기소각,,0.04,"44,302",봄,0.925
0,20160317,3010,8,강원,강릉,성산,,논/밭두렁,담뱃불/라이터불,담뱃불,부주의,담배꽁초,종이/목재/건초등,260,맑음,18,21,90,4,건조주의보,목,2016,3,17,13:35,강원,관음,담,담뱃불실화,,0.6,"37,109",봄,0.925
990,20160318,4402,15,강원,춘천,동산,,쓰레기소각장,불꽃/불티,쓰레기/논밭두렁,부주의,쓰레기소각,종이/목재/건초등,115,맑음,0,0,,,,금,2016,3,18,15:50,강원,원창,기,농산폐기물소각,,0.6,"51,062",봄,0.925
0,20160323,650,20,강원,원주,호저,,쓰레기소각장,불꽃/불티,쓰레기/논밭두렁,부주의,쓰레기소각,종이/목재/건초등,66,흐림,13,38,0,4,,수,2016,3,23,16:56,강원,옥산,담,담뱃불실화,,0.03,"52,252",봄,0.925
0,20160324,1349,20,강원,원주,소초,,담뱃불,담뱃불/라이터불,라이터불/성냥불,부주의,담배꽁초,종이/목재/건초등,18,맑음,0,0,,,,목,2016,3,24,13:53,강원,교항,담,담뱃불실화,,0.09,"52,252",봄,0.925
0,20160327,2912,56,강원,화천,사내,,쓰레기소각장,담뱃불/라이터불,담뱃불,부주의,담배꽁초,쓰레기류,55,맑음,12,16,315,4,,일,2016,3,27,13:50,강원,광덕,쓰,쓰레기소각,,0.3,"31,778",봄,0.925
0,20160328,53200,8,강원,철원,김화,,미상,담뱃불/라이터불,라이터불/성냥불,부주의,불씨/불꽃/화원방치,종이/목재/건초등,299,맑음,16,23,45,,,월,2016,3,28,18:39,강원,청양,입,등산객실화,,2,"37,983",봄,0.925
0,20160328,2123,22,강원,원주,신림,,쓰레기소각장,담뱃불/라이터불,라이터불/성냥불,부주의,쓰레기소각,종이/목재/건초등,68,맑음,13,0,315,4,,월,2016,3,28,19:00,강원,성남,쓰,쓰레기소각,,0.03,"52,252",봄,0.925
0,20160331,21500,46,강원,화천,사내,,담뱃불,담뱃불/라이터불,담뱃불,부주의,담배꽁초,종이/목재/건초등,442,구름조금,17,12,270,4,,목,2016,3,31,15:30,강원,명월,입,기타(직접입력),,1.5,"31,778",봄,0.925
0,20170303,30119,34,강원,홍천,서,팔봉리,기타,불꽃/불티,비화,부주의,불씨/불꽃/화원방치,종이/목재/건초등,117,맑음,1,84,225,4,,금,2017,3,3,23:55,강원,팔봉,기,기타(직접입력),풍등,0.01,"65,341",봄,0.925
165000,20170309,235419,30,강원,강릉,옥계,산계리,담뱃불,불꽃/불티,불꽃/불티,부주의,불씨/불꽃/화원방치,종이/목재/건초등,2456,맑음,7,24,225,8,건조주의보,목,2017,3,10,22:30,강원,산계,입,기타(직접입력),입산자 실화,160.41,"37,109",봄,0.925
3300,20170310,2607,5,강원,춘천,동,만천리,담뱃불,담뱃불/라이터불,담뱃불,부주의,담배꽁초,종이/목재/건초등,73,맑음,8,28,225,4,,금,2017,3,10,12:20,강원,만천,입,등산객실화,,0.01,"51,062",봄,0.925
0,20170310,12652,11,강원,홍천,홍천,상오안리,담뱃불,담뱃불/라이터불,담뱃불,부주의,담배꽁초,종이/목재/건초등,137,맑음,4,30,0,4,,금,2017,3,11,0:00,북부,상오안,기,기타(직접입력),원인미상(조사중),0.2,"65,341",봄,0.925
0,20170311,33602,50,강원,양구,남,가오작리,기타,작동기기,불꽃/스파크/정전기,기계적요인,오일/연료누설,종이/목재/건초등,171,구름조금,13,17,135,4,,토,2017,3,11,20:00,북부,가오작,기,기타(직접입력),방위사업청 무인기 시험사업 중 발화,0.3,"19,868",봄,0.925
0,20170311,13927,33,강원,홍천,서,팔봉리,담뱃불,담뱃불/라이터불,담뱃불,부주의,담배꽁초,종이/목재/건초등,70,구름조금,16,19,270,4,,토,2017,3,11,19:00,강원,팔봉,입,등산객실화,,0.05,"65,341",봄,0.925
4400,20170312,5509,26,강원,춘천,서,안보리,쓰레기소각장,불꽃/불티,쓰레기/논밭두렁,부주의,쓰레기소각,종이/목재/건초등,236,비,13,35,225,4,,일,2017,3,12,19:40,강원,안보,쓰,쓰레기소각,,0.3,"51,062",봄,0.925
0,20170313,10948,23,강원,영월,김삿갓,와석리,기타,불꽃/불티,용접/절단/연마,부주의,용접/절단/연마,종이/목재/건초등,65,구름조금,13,0,270,,,월,2017,3,13,17:00,강원,와석,기,작업장실화,,0.3,"34,137",봄,0.925
0,20170314,5234,23,강원,춘천,서,안보리,논/밭두렁,담뱃불/라이터불,라이터불/성냥불,부주의,논/임야태우기,종이/목재/건초등,154,구름조금,1,75,135,4,건조주의보,화,2017,3,14,14:55,강원,안보,기,논밭두렁소각,,0.3,"51,062",봄,0.925
0,20170314,1942,55,강원,화천,상서,다목리,담뱃불,담뱃불/라이터불,담뱃불,부주의,담배꽁초,종이/목재/건초등,101,맑음,10,41,0,4,,화,2017,3,14,14:00,강원,다목,입,기타(직접입력),입산자 실화추정,0.1,"31,778",봄,0.925
0,20170314,12828,43,강원,홍천,서,모곡리,쓰레기소각장,불꽃/불티,비화,부주의,불씨/불꽃/화원방치,종이/목재/건초등,157,구름조금,11,36,135,4,,화,2017,3,14,18:20,강원,모곡,입,등산객실화,,0.5,"65,341",봄,0.925
0,20170315,3007,17,강원,춘천,동산,원창리,담뱃불,담뱃불/라이터불,담뱃불,부주의,담배꽁초,종이/목재/건초등,82,흐림,8,30,225,4,건조주의보,수,2017,3,15,12:30,강원,원창,입,등산객실화,,0.05,"51,062",봄,0.925
0,20170317,1641,13,강원,철원,동송,양지리,논/밭두렁,불꽃/불티,쓰레기/논밭두렁,부주의,논/임야태우기,종이/목재/건초등,34,맑음,13,35,270,4,,금,2017,3,17,14:47,강원,양지,쓰,기타(직접입력),나뭇가지채취 소각,0.1,"37,983",봄,0.925
0,20170318,2551,23,강원,고성,토성,성천리,기타,담뱃불/라이터불,담뱃불,부주의,담배꽁초,종이/목재/건초등,24,맑음,17,23,,,,토,2017,3,18,14:10,강원,성천,입,기타(직접입력),입산자 실화추정,0.1,"18,473",봄,0.925
0,20170319,15538,38,강원,평창,용평,도사리,건물,불꽃/불티,비화,기타,기타,종이/목재/건초등,202,맑음,13,30,45,4,,일,2017,3,19,12:39,강원,도사,건,주택화재비화,,0.3,"50,279",봄,0.925
0,20170319,40000,50,강원,화천,하남,논미리,논/밭두렁,불꽃/불티,쓰레기/논밭두렁,부주의,쓰레기소각,종이/목재/건초등,278,맑음,13,34,135,4,건조주의보,일,2017,3,19,14:58,강원,논미,기,농산폐기물소각,,1.5,"31,778",봄,0.925
0,20170319,13733,6,강원,영월,영월,영흥리,논/밭두렁,불꽃/불티,쓰레기/논밭두렁,부주의,쓰레기소각,기타,132,맑음,18,10,45,4,,일,2017,3,19,15:15,강원,영흥,쓰,쓰레기소각,,0.2,"34,137",봄,0.925
0,20170319,2549,7,강원,춘천,석사,,쓰레기소각장,담뱃불/라이터불,라이터불/성냥불,부주의,쓰레기소각,종이/목재/건초등,114,맑음,8,44,315,4,,일,2017,3,19,20:00,강원,,기,농산폐기물소각,,0.05,"51,062",봄,0.925
0,20170322,2637,3,강원,인제,인제,남북리,기타,담뱃불/라이터불,담뱃불,부주의,담배꽁초,종이/목재/건초등,94,맑음,13,17,180,4,,수,2017,3,22,17:35,강원,남북,입,등산객실화,,0.01,"41,482",봄,0.925
0,20170322,13828,43,강원,화천,사내,사창리,미상,담뱃불/라이터불,라이터불/성냥불,부주의,담배꽁초,종이/목재/건초등,136,맑음,11,30,270,4,,수,2017,3,22,20:15,강원,사창,입,기타(직접입력),입산자 실화추정,0.15,"31,778",봄,0.925
1870,20170323,10620,20,강원,횡성,갑천,삼거리,기타,불꽃/불티,용접/절단/연마,부주의,용접/절단/연마,종이/목재/건초등,158,맑음,14,30,135,4,,목,2017,3,23,15:30,강원,삼거,기,작업장실화,,0.5,"44,302",봄,0.925
3900,20170330,10158,11,강원,홍천,화촌,성산리,논/밭두렁,불꽃/불티,쓰레기/논밭두렁,부주의,쓰레기소각,종이/목재/건초등,99,구름조금,18,20,225,4,,목,2017,3,30,17:30,강원,성산,기,농산폐기물소각,,0.51,"65,341",봄,0.925
0,20170330,2023,20,강원,춘천,서,당림리,쓰레기소각장,담뱃불/라이터불,라이터불/성냥불,부주의,쓰레기소각,종이/목재/건초등,172,구름조금,18,23,225,4,,목,2017,3,30,16:30,북부,당림,기,농산폐기물소각,,0.01,"51,062",봄,0.925
0,20180314,932,6,강원,춘천,온의,,논/밭두렁,담뱃불/라이터불,라이터불/성냥불,부주의,논/임야태우기,종이/목재/건초등,89,맑음,20,42,225,4,,수,2018,3,14,15:30,강원,,기,농산폐기물소각,,0.2,"51,062",봄,0.925
0,20180325,12052,7,강원,원주,태장,,담뱃불,담뱃불/라이터불,담뱃불,부주의,담배꽁초,종이/목재/건초등,147,구름조금,8,62,180,4,,일,2018,3,25,22:16,강원,,입,기타(직접입력),입산자 실화,0.3,"52,252",봄,0.925
4815212,20180328,103156,3,강원,고성,간성,탑동리,기타,작동기기,전기적아크,전기적요인,절연열화에의한단락,종이/목재/건초등,7174,구름조금,18,35,225,8,,수,2018,3,28,22:00,강원,탑동,기,기타(직접입력),전선단락(추정),356.85,"18,473",봄,0.925
0,20190303,2028,5,강원,원주,단계,,논/밭두렁,불꽃/불티,쓰레기/논밭두렁,부주의,쓰레기소각,종이/목재/건초등,74,맑음,11,26,135,4,,일,2019,3,3,12:40,강원,,쓰,쓰레기 소각,,0.1,"52,252",봄,0.925
432,20190304,13016,19,강원,홍천,동,노천리,쓰레기소각장,불꽃/불티,비화,부주의,쓰레기소각,종이/목재/건초등,196,맑음,15,24,270,4,,월,2019,3,4,18:00,북부,노천,쓰,쓰레기 소각,,0.6,"65,341",봄,0.925
0,20190304,4523,8,강원,횡성,우천,용둔리,모닥불,담뱃불/라이터불,라이터불/성냥불,부주의,쓰레기소각,종이/목재/건초등,95,맑음,16,28,180,4,,월,2019,3,4,14:20,강원,용둔,쓰,배수로 낙엽소각,,0.1,"44,302",봄,0.925
309,20190308,3150,39,강원,홍천,서석,검산리,기타,불꽃/불티,불꽃/불티,부주의,불씨/불꽃/화원방치,종이/목재/건초등,84,맑음,11,28,270,4,,금,2019,3,8,18:30,강원,검산,기,화목보일러 재 처리불량,,0.02,"65,341",봄,0.925
127,20190309,2109,9,강원,강릉,성산,관음리,기타,불꽃/불티,불꽃/불티,부주의,불씨/불꽃/화원방치,종이/목재/건초등,46,맑음,8,15,135,4,,토,2019,3,9,9:00,강원,관음,쓰,산림부산물 소각,,0.1,"37,109",봄,0.925
0,20190312,10345,7,강원,춘천,동,월곡리,담뱃불,담뱃불/라이터불,담뱃불,부주의,담배꽁초,종이/목재/건초등,107,비,5,75,270,8,풍랑주의보,화,2019,3,12,16:20,강원,지내,기,원인미상,,0.1,"51,062",봄,0.925
0,20190313,2732,30,강원,강릉,연곡,삼산리,기타,불꽃/불티,굴뚝아궁이,부주의,부주의,종이/목재/건초등,116,구름조금,6,28,270,8,풍랑경보,수,2019,3,13,12:30,강원,삼산,입,입산자 실화,,0.01,"37,109",봄,0.925
3,20190313,840,8,강원,춘천,신북,용산리,논/밭두렁,불꽃/불티,쓰레기/논밭두렁,부주의,쓰레기소각,종이/목재/건초등,32,맑음,,9,315,4,,수,2019,3,13,21:45,강원,용산,쓰,쓰레기 소각,,0.02,"51,062",봄,0.925
0,20190317,24041,9,강원,속초,도문,,논/밭두렁,작동기기,불꽃/스파크/정전기,부주의,유류취급중,종이/목재/건초등,538,맑음,11,34,135,4,,일,2019,3,17,15:30,강원,,기,예초기 조작 과실,,1.3,"6,148",봄,0.925
0,20200308,22242,25,강원,홍천,화촌,풍천리,미상,미상,미상,미상,미상,종이/목재/건초등,113,맑음,16,21,225,4,,일,2020,3,8,18:00,북부,풍천,입,기타(직접입력),입산자실화,0.05,"65,341",봄,0.925
0,20200308,34708,9,강원,화천,하남,원천리,쓰레기소각장,불꽃/불티,굴뚝아궁이,부주의,쓰레기소각,쓰레기류,67,맑음,18,20,270,4,,일,2020,3,8,16:00,강원,원천,쓰,쓰레기소각,,0.67,"31,778",봄,0.925
0,20200315,5909,49,강원,홍천,서,동막리,기타,불꽃/불티,모닥불/연탄/숯,부주의,불씨/불꽃/화원방치,쓰레기류,86,맑음,9,19,45,,풍랑주의보,일,2020,3,15,15:32,강원,동막,기,기타(직접입력),불씨처리부주의,0.43,"65,341",봄,0.925
0,20200319,11504,18,강원,원주,흥업,대안리,기타,기타,기타,부주의,부주의,종이/목재/건초등,58,맑음,14,44,225,,강풍주의보,목,2020,3,19,10:30,강원,대안,기,기타(직접입력),연탄재투기,0.7,"52,252",봄,0.925
0,20200319,21950,28,강원,원주,지정,판대리,기타,작동기기,불꽃/스파크/정전기,전기적요인,전기적요인,종이/목재/건초등,174,구름많음,11,46,315,,강풍경보,목,2020,3,19,14:26,강원,판대,기,기타(직접입력),전선스파크 발화,2.2,"52,252",봄,0.925
2574,20200325,15006,38,강원,영월,상동,내덕리,쓰레기소각장,불꽃/불티,쓰레기/논밭두렁,부주의,논/임야태우기,종이/목재/건초등,150,맑음,18,27,270,4,,수,2020,3,25,18:30,동부,내덕,쓰,기타(직접입력),잔가지 소각,1.4,"34,137",봄,0.925
5522,20200326,2046,24,강원,양양,현남,상월천리,쓰레기소각장,담뱃불/라이터불,라이터불/성냥불,부주의,쓰레기소각,종이/목재/건초등,197,맑음,16,54,135,4,,목,2020,3,26,13:53,동부,상월천,쓰,쓰레기소각,,0.8,"16,034",봄,0.925
4125,20200326,61250,2,강원,철원,갈말,문혜리,미상,미상,미상,미상,미상,미상,383,맑음,19,33,135,4,건조주의보,목,2020,3,26,16:20,강원,문혜,입,기타(직접입력),입산자실화 추정,9.85,"37,983",봄,0.925
0,20200331,13727,15,강원,철원,동송,오덕리,미상,미상,미상,미상,미상,종이/목재/건초등,185,맑음,17,17,135,4,,화,2020,3,31,15:00,강원,오덕,입,기타(직접입력),입산자실화 추정,2.11,"37,983",봄,0.925
6751,20210311,165831,16,강원,영월,김삿갓,대야리,논/밭두렁,불꽃/불티,쓰레기/논밭두렁,부주의,논/임야태우기,종이/목재/건초등,164,맑음,17,17,225,4,,목,2021,3,11,18:00,강원,대야,기,농산폐기물소각,,4.42,"34,137",봄,0.925
6751,20210311,165831,15,강원,영월,김삿갓,대야리,논/밭두렁,불꽃/불티,쓰레기/논밭두렁,부주의,논/임야태우기,종이/목재/건초등,164,맑음,17,17,225,4,,목,2021,3,11,18:00,강원,대야,기,농산폐기물소각,,4.42,"34,137",봄,0.925
9900,20210323,84243,13,강원,홍천,화촌,성산리,미상,담뱃불/라이터불,담뱃불,부주의,담배꽁초,종이/목재/건초등,310,맑음,17,25,315,8,,화,2021,3,24,11:00,강원,성산,입,기타(직접입력),입산자실화,20,"65,341",봄,0.925
9900,20210323,84243,13,강원,홍천,화촌,성산리,미상,담뱃불/라이터불,담뱃불,부주의,담배꽁초,종이/목재/건초등,310,맑음,16,25,315,8,,화,2021,3,24,11:00,강원,성산,입,기타(직접입력),입산자실화,20,"65,341",봄,0.925
0,20210330,44220,55,강원,삼척,가곡,탕곡리,입산자실화,불꽃/불티,불꽃/불티,부주의,부주의,종이/목재/건초등,197,맑음,16,26,90,8,,화,2021,3,30,19:00,강원,탕곡,기,기타(직접입력),군사훈련,1.28,"40,191",봄,0.925
55,20120415,13602,50,강원,평창,진부,상진부리,미상,미상,미상,미상,미상,기타,80,맑음,14,75,0,8,,일,2012,4,15,16:40,강원,상진부,담,담뱃불실화,,0.12,"50,856",봄,0.925
0,20120415,5800,40,강원,삼척,도계,상덕리,기타,작동기기,불꽃/스파크/정전기,전기적요인,누전/지락,전기/전자,85,맑음,18,30,270,8,,일,2012,4,15,21:50,동부,신리,기,벌채작업에 전선줄 스파크,,0.03,"40,519",봄,0.925
0,20120418,3500,4,강원,철원,갈말,문혜리,입산자실화,미상,미상,미상,미상,종이/목재/건초등,76,맑음,13,71,90,17,,수,2012,4,18,17:26,강원,문혜,입,입산자실화,,0.15,"41,764",봄,0.925
7169,20120419,43507,15,강원,홍천,화촌,내삼포리,입산자실화,미상,미상,부주의,부주의,종이/목재/건초등,1264,맑음,14,56,90,8,,목,2012,4,19,23:00,북부,내삼포,입,임산물채취객실화,,11,"66,533",봄,0.925
0,20120419,41427,30,강원,횡성,청일,유동리,미상,미상,미상,미상,미상,미상,289,구름많음,17,57,90,4,,목,2012,4,19,18:40,강원,유동,입,입산자실화,,1.5,"44,631",봄,0.925
9,20120420,3942,31,강원,영월,주천,신일리,쓰레기소각장,불꽃/불티,쓰레기/논밭두렁,부주의,쓰레기소각,종이/목재/건초등,106,구름많음,19,40,135,4,,금,2012,4,20,18:40,강원,신일,쓰,쓰레기소각,,0.05,"34,604",봄,0.925
0,20120430,5634,24,강원,춘천,동산,군자리,입산자실화,기타,기타,부주의,부주의,종이/목재/건초등,155,맑음,19,56,315,4,,월,2012,4,30,11:55,강원,군자,입,입산자실화,,0.01,"53,207",봄,0.925
0,20130401,812,5,강원,춘천,동,만천리,미상,미상,미상,미상,미상,종이/목재/건초등,46,구름많음,15,19,180,4,,월,2013,4,1,15:10,강원,만천,입,입산자실화,,0.01,"53,207",봄,0.925
1445,20130418,113020,33,강원,홍천,서,팔봉리,입산자실화,담뱃불/라이터불,담뱃불,부주의,부주의,종이/목재/건초등,145,맑음,3,76,0,4,,목,2013,4,19,7:30,강원,팔봉,입,입산자실화추정,,0.1,"66,533",봄,0.925
0,20130419,3905,18,강원,홍천,남,신대리,기타,기타,기타,기타,기타,종이/목재/건초등,88,맑음,11,18,0,4,,금,2013,4,19,11:50,강원,신대,입,입산자실화추정,,0.1,"66,533",봄,0.925
580,20130427,13120,36,강원,양양,현남,북분리,미상,미상,미상,미상,미상,종이/목재/건초등,154,맑음,16,54,90,4,,토,2013,4,27,13:30,강원,북분,입,입산자실화,,0.3,"16,214",봄,0.925
3752,20130430,30800,18,강원,삼척,신기,안의리,입산자실화,미상,미상,부주의,부주의,종이/목재/건초등,94,맑음,23,53,45,4,,화,2013,4,30,15:30,강원,안의,입,입산자실화,,0.8,"40,519",봄,0.925
0,20140401,4900,18,강원,횡성,서원,금대리,기타,작동기기,작동기기,전기적요인,누전/지락,종이/목재/건초등,103,구름조금,22,23,180,4,,화,2014,4,1,14:50,강원,금대,기,기타(직접입력),전기누전,0.2,"44,631",봄,0.925
0,20140409,4500,38,강원,영월,수주,운학리,논/밭두렁,불꽃/불티,쓰레기/논밭두렁,부주의,기타(부주의),종이/목재/건초등,145,맑음,23,24,270,4,,수,2014,4,9,15:05,강원,운학,쓰,쓰레기소각,,1.42,"34,604",봄,0.925
0,20140410,4110,60,강원,양구,남,청2리,기타,담뱃불/라이터불,담뱃불,부주의,담배꽁초,종이/목재/건초등,78,맑음,21,37,225,8,,목,2014,4,10,14:19,북부,청하,담,담뱃불 투기,,0.05,"19,961",봄,0.925
0,20140410,3103,1,강원,철원,갈말,문혜리,담뱃불,담뱃불/라이터불,담뱃불,부주의,담배꽁초,종이/목재/건초등,71,구름조금,20,28,315,4,,목,2014,4,10,15:50,강원,문혜,입,입산자 실화추정,,0.03,"41,764",봄,0.925
0,20140410,1039,1,강원,철원,갈말,문혜리,기타,불꽃/불티,불꽃/불티,기타,기타,종이/목재/건초등,38,구름조금,20,23,315,4,,목,2014,4,10,15:50,강원,문혜,입,입산자 실화추정,,0.03,"41,764",봄,0.925
0,20140411,5000,30,강원,춘천,동,품걸리,담뱃불,담뱃불/라이터불,담뱃불,부주의,담배꽁초,종이/목재/건초등,73,구름조금,22,31,315,4,,금,2014,4,11,17:30,강원,품걸,입,입산자 실화추정,,0.01,"53,207",봄,0.925
0,20140411,2402,25,강원,원주,지정,판대리,담뱃불,담뱃불/라이터불,담뱃불,부주의,담배꽁초,종이/목재/건초등,80,구름조금,18,53,270,4,,금,2014,4,11,18:10,강원,판대,입,입산자 실화추정,,0.1,"52,641",봄,0.925
0,20140412,12504,55,강원,양구,양구,월명리,담뱃불,담뱃불/라이터불,담뱃불,부주의,담배꽁초,종이/목재/건초등,110,맑음,12,0,45,4,건조주의보,토,2014,4,12,16:00,강원,월명,입,입산자 실화추정,,0.2,"19,961",봄,0.925
264,20140413,4422,20,강원,홍천,북방,북방리,쓰레기소각장,불꽃/불티,쓰레기/논밭두렁,부주의,불씨/불꽃/화원방치,종이/목재/건초등,114,맑음,0,0,,,,일,2014,4,13,16:10,강원,북방,쓰,쓰레기 소각,,0.1,"66,533",봄,0.934
0,20140416,30800,2,강원,춘천,동,만천리,미상,미상,미상,미상,미상,종이/목재/건초등,131,구름조금,9,96,225,4,,수,2014,4,17,3:00,강원,만천,입,기타(직접입력),입산자 실화추정,0.09,"53,207",봄,0.934
0,20140417,5901,4,강원,춘천,동,만천리,미상,담뱃불/라이터불,라이터불/성냥불,방화의심,방화의심,종이/목재/건초등,109,비,14,93,315,4,,목,2014,4,17,21:15,강원,만천,입,입산자 실화추정,,0.03,"53,207",봄,0.934
44,20140420,3535,47,강원,홍천,서,동막리,쓰레기소각장,불꽃/불티,쓰레기/논밭두렁,부주의,쓰레기소각,종이/목재/건초등,102,구름조금,21,36,90,4,,금,2014,4,20,15:13,강원,동막,입,입산자 실화추정,,0.2,"66,533",봄,0.934
0,20140421,14814,25,강원,영월,한반도,광전리,담뱃불,담뱃불/라이터불,담뱃불,부주의,담배꽁초,종이/목재/건초등,133,구름조금,21,29,225,4,,월,2014,4,21,15:30,강원,광전,입,입산자 실화추정,,0.1,"34,604",봄,0.934
5084,20140421,2922,14,강원,고성,토성,인흥리,담뱃불,담뱃불/라이터불,담뱃불,부주의,담배꽁초,종이/목재/건초등,119,맑음,16,31,180,4,,월,2014,4,21,17:30,강원,인흥,입,입산자 실화추정,,0.09,"19,750",봄,0.934
0,20140422,800,15,강원,인제,북,한계리,미상,담뱃불/라이터불,담뱃불,부주의,담배꽁초,종이/목재/건초등,136,구름조금,18,70,180,4,,화,2014,4,22,13:00,강원,한계,입,입산자 실화추정,,0.05,"41,921",봄,0.934
0,20140422,10323,19,강원,홍천,화촌,군업리,입산자실화,기타,기타,부주의,기타(부주의),종이/목재/건초등,115,맑음,23,13,315,,,화,2014,4,22,17:10,북부,군업,담,운전자 담뱃불 실화추정,,0.2,"66,533",봄,0.934
0,20140423,5800,38,강원,춘천,남,추곡리,담뱃불,담뱃불/라이터불,담뱃불,부주의,담배꽁초,종이/목재/건초등,156,맑음,23,18,135,4,,수,2014,4,23,16:40,북부,추곡,입,입산자 실화,,0.03,"53,207",봄,0.934
0,20140424,93611,42,강원,홍천,서석,검산리,담뱃불,기타,기타,부주의,기타(부주의),종이/목재/건초등,395,맑음,20,34,315,4,,목,2014,4,24,20:30,북부,검산,입,산나물 채취자 실화추정,,2.5,"66,533",봄,0.934
3856,20140424,14941,21,강원,횡성,우천,정금리,미상,미상,미상,미상,미상,종이/목재/건초등,201,맑음,21,44,270,4,,목,2014,4,24,15:15,북부,정금,입,입산자 실화,,0.4,"44,631",봄,0.934
850,20140424,15521,46,강원,영월,수주,두산리,담뱃불,담뱃불/라이터불,담뱃불,부주의,담배꽁초,종이/목재/건초등,150,맑음,23,24,135,4,,목,2014,4,24,22:25,동부,법흥,기,원인미상,,0.9,"34,604",봄,0.934
850,20140424,15521,46,강원,영월,수주,두산리,담뱃불,담뱃불/라이터불,담뱃불,부주의,담배꽁초,종이/목재/건초등,150,맑음,23,24,135,4,,목,2014,4,24,18:30,동부,두산,기,원인미상,,1,"34,604",봄,0.934
0,20140424,4600,35,강원,영월,수주,법흥리,담뱃불,담뱃불/라이터불,담뱃불,부주의,담배꽁초,종이/목재/건초등,112,맑음,16,70,180,4,,목,2014,4,24,22:25,동부,법흥,기,원인미상,,0.9,"34,604",봄,0.934
0,20140424,4600,35,강원,영월,수주,법흥리,담뱃불,담뱃불/라이터불,담뱃불,부주의,담배꽁초,종이/목재/건초등,112,맑음,16,70,180,4,,목,2014,4,24,18:30,동부,두산,기,원인미상,,1,"34,604",봄,0.934
0,20140424,4000,22,강원,춘천,동산,원창리,담뱃불,담뱃불/라이터불,담뱃불,부주의,담배꽁초,종이/목재/건초등,94,맑음,26,19,270,4,,목,2014,4,24,18:00,북부,원창,입,입산자 실화,,0.05,"53,207",봄,0.934
0,20140425,2700,43,강원,양양,현남,후포매리,담뱃불,담뱃불/라이터불,담뱃불,부주의,담배꽁초,종이/목재/건초등,264,맑음,0,0,,,,금,2014,4,25,15:10,강원,후포매,입,입산자 실화추정,,0.04,"16,214",봄,0.934
0,20140425,14426,50,강원,화천,화천,아리,기타,담뱃불/라이터불,담뱃불,부주의,담배꽁초,종이/목재/건초등,58,맑음,18,0,45,4,,금,2014,4,25,21:40,강원,아,담,담뱃불 실화추정,,0.1,"31,898",봄,0.934
0,20140426,24518,43,강원,평창,용평,속사리,입산자실화,담뱃불/라이터불,담뱃불/라이터불,부주의,담배꽁초,종이/목재/건초등,269,구름조금,18,43,225,4,,토,2014,4,26,12:37,동부,속사,기,원인미상,,0.3,"50,856",봄,0.934
0,20140427,4922,54,강원,양양,현남,입암리,담뱃불,담뱃불/라이터불,담뱃불,부주의,담배꽁초,종이/목재/건초등,280,맑음,0,0,,,,일,2014,4,27,16:35,강원,입암,입,입산자 실화추정,,0.01,"16,214",봄,0.934
0,20150403,3200,11,강원,인제,북,원통리,담뱃불,담뱃불/라이터불,담뱃불,부주의,담배꽁초,종이/목재/건초등,70,맑음,18,48,135,4,,금,2015,4,3,15:40,강원,원통,입,입산자실화 추정,,0.01,"41,482",봄,0.934
0,20150412,14542,12,강원,철원,김화,청양리,기타,불꽃/불티,모닥불/연탄/숯,부주의,불씨/불꽃/화원방치,종이/목재/건초등,213,맑음,13,55,90,4,,일,2015,4,12,17:50,강원,청양,기,원인미상,,0.2,"37,983",봄,0.934
0,20150413,5100,46,강원,화천,상서,노동리,미상,미상,미상,기타,기타,미상,258,맑음,12,0,90,4,풍랑주의보,월,2015,4,13,11:35,강원,노동,입,입산자실화 추정,,0.3,"31,778",봄,0.934
0,20150423,12721,33,강원,고성,간성,장신리,미상,화학적발화열,화학반응열,화학적요인,화학적폭발,종이/목재/건초등,515,구름조금,24,17,225,8,,목,2015,4,23,14:40,강원,장신,입,입산자 실화추정,,0.5,"18,473",봄,0.934
0,20150423,21800,35,강원,인제,인제,귀둔리,미상,담뱃불/라이터불,담뱃불,기타,기타,종이/목재/건초등,225,구름조금,21,17,225,,,목,2015,4,23,22:00,북부,귀둔,입,입산자실화 추정,,1,"41,482",봄,0.934
1166,20150424,10917,27,강원,정선,여량,구절리,기타,불꽃/불티,비화,부주의,불씨/불꽃/화원방치,종이/목재/건초등,160,맑음,21,18,270,4,,금,2015,4,24,16:00,동부,구절,기,화목보일러 연통 발화,,0.3,"36,723",봄,0.934
0,20150426,5843,46,강원,화천,상서,구운리,입산자실화,불꽃/불티,쓰레기/논밭두렁,부주의,쓰레기소각,종이/목재/건초등,80,맑음,23,0,315,4,,일,2015,4,26,14:40,북부,구운,기,곤충 살충,,0.2,"31,778",봄,0.934
0,20150426,50610,36,강원,강릉,옥계,산계리,미상,불꽃/불티,불꽃/불티,전기적요인,전기적요인,종이/목재/건초등,314,맑음,22,36,315,8,,일,2015,4,26,23:25,강원,산계,기,컨베이어벨트 케이블 절단,,0.2,"37,109",봄,0.934
0,20150428,35052,26,강원,홍천,화촌,장평리,기타,불꽃/불티,불꽃/불티,부주의,부주의,종이/목재/건초등,328,맑음,26,12,270,4,,화,2015,4,28,20:00,북부,장평,기,벌통소독,,4.6,"65,341",봄,0.934
0,20150429,32724,51,강원,양구,양구,송청리,기타,기타,기타,부주의,불씨/불꽃/화원방치,종이/목재/건초등,179,맑음,15,20,,,,수,2015,4,30,1:50,강원,송청,기,방화,,1.7,"19,868",봄,0.934
44,20160401,13125,30,강원,평창,진부,,쓰레기소각장,불꽃/불티,쓰레기/논밭두렁,부주의,쓰레기소각,종이/목재/건초등,72,맑음,18,23,90,4,,금,2016,4,1,12:18,강원,상진부,쓰,쓰레기소각,,0.2,"50,279",봄,0.934
0,20160401,81923,50,강원,양구,남,,미상,미상,미상,미상,미상,종이/목재/건초등,953,맑음,24,18,135,4,,금,2016,4,1,20:20,강원,송우,입,기타(직접입력),입산자 실화추정,14.4,"19,868",봄,0.934
0,20160401,1424,52,강원,양구,남,,기타,불꽃/불티,모닥불/연탄/숯,부주의,불씨/불꽃/화원방치,종이/목재/건초등,28,맑음,0,0,,,,금,2016,4,1,20:20,강원,송우,입,기타(직접입력),입산자 실화추정,14.4,"19,868",봄,0.934
1518,20160401,4218,5,강원,횡성,횡성,,쓰레기소각장,불꽃/불티,쓰레기/논밭두렁,부주의,쓰레기소각,종이/목재/건초등,93,맑음,18,45,180,4,,금,2016,4,1,17:55,강원,갈풍,쓰,쓰레기소각,,0.5,"44,302",봄,0.934
13730,20160402,13549,33,강원,홍천,서,,기타,불꽃/불티,용접/절단/연마,부주의,용접/절단/연마,종이/목재/건초등,148,맑음,23,20,225,,,토,2016,4,2,18:00,강원,어유포,기,작업장실화,,3.9,"65,341",봄,0.934
4400,20160402,12400,12,강원,영월,김삿갓,,자동차,마찰/전도/복사,마찰열/마찰스파크,기계적요인,과열/과부하,자동차/철도차량/선박/항공기,193,맑음,24,15,225,4,,토,2016,4,2,16:54,동부,진별,기,기타(직접입력),사유임도변 차량화재,1,"34,137",봄,0.934
0,20160402,40324,21,강원,평창,방림,,논/밭두렁,담뱃불/라이터불,라이터불/성냥불,부주의,쓰레기소각,종이/목재/건초등,335,구름조금,19,21,225,4,,토,2016,4,3,1:00,강원,운교,기,농산폐기물소각,,4.6,"50,279",봄,0.934
220,20160404,5100,33,강원,화천,하남,,입산자실화,미상,미상,미상,미상,쓰레기류,46,맑음,16,50,135,4,,월,2016,4,4,18:51,강원,거례,입,기타(직접입력),입산자 실화추정,0.01,"31,778",봄,0.934
0,20160406,5706,38,강원,원주,부론,,논/밭두렁,불꽃/불티,쓰레기/논밭두렁,부주의,논/임야태우기,종이/목재/건초등,95,맑음,18,20,225,4,,수,2016,4,6,16:24,강원,정산,기,논밭두렁소각,,0.05,"52,252",봄,0.934
0,20160406,11504,24,강원,홍천,동,,담뱃불,불꽃/불티,쓰레기/논밭두렁,부주의,쓰레기소각,종이/목재/건초등,149,맑음,0,0,,,,수,2016,4,6,21:50,강원,좌운,입,등산객실화,,0.8,"65,341",봄,0.934
0,20160409,4337,8,강원,고성,죽왕,,기타,담뱃불/라이터불,담뱃불,부주의,담배꽁초,종이/목재/건초등,117,맑음,24,30,315,8,,토,2016,4,9,16:44,강원,오봉,입,기타(직접입력),입산자 실화추정,0.08,"18,473",봄,0.934
0,20160411,5147,10,강원,춘천,신북,,기타,담뱃불/라이터불,담뱃불,부주의,담배꽁초,종이/목재/건초등,96,맑음,0,0,,,,월,2016,4,11,14:20,강원,용산,담,담뱃불실화,,0.7,"51,062",봄,0.934
0,20160416,11010,15,강원,삼척,미로,,미상,담뱃불/라이터불,담뱃불,부주의,담배꽁초,종이/목재/건초등,248,구름조금,15,35,225,8,,토,2016,4,16,16:23,강원,사둔,입,등산객실화,,0.2,"40,191",봄,0.934
0,20160424,15500,45,강원,삼척,원덕,,담뱃불,담뱃불/라이터불,담뱃불,부주의,담배꽁초,종이/목재/건초등,193,구름조금,15,40,180,4,,일,2016,4,24,12:15,강원,임원,입,기타(직접입력),입산자 실화추정(조사중),0.37,"40,191",봄,0.934
0,20160430,5523,27,강원,강릉,연곡,,취사행위,마찰/전도/복사,화염전도/복사열,부주의,음식물조리중,종이/목재/건초등,298,맑음,22,39,270,8,강풍주의보,토,2016,4,30,20:15,강원,삼산,입,기타(직접입력),취사행위,0.03,"37,109",봄,0.934
0,20170404,11437,4,강원,철원,갈말,문혜리,담뱃불,담뱃불/라이터불,담뱃불,부주의,담배꽁초,종이/목재/건초등,74,맑음,12,18,180,4,,화,2017,4,4,21:15,강원,문혜,입,기타(직접입력),입산자 실화,0.1,"37,983",봄,0.934
0,20170408,5516,48,강원,영월,무릉도원,운학리,기타,불꽃/불티,모닥불/연탄/숯,부주의,불씨/불꽃/화원방치,종이/목재/건초등,176,맑음,24,33,315,4,,토,2017,4,8,15:17,강원,운학,기,기타(직접입력),화덕재 비화,0.3,"34,137",봄,0.934
660,20170410,11024,13,강원,원주,소초,평장리,기타,불꽃/불티,비화,부주의,불씨/불꽃/화원방치,종이/목재/건초등,111,맑음,21,15,225,4,,월,2017,4,10,14:00,강원,평장,기,작업장실화,,0.2,"52,252",봄,0.934
0,20170410,3101,40,강원,철원,서,자등리,담뱃불,담뱃불/라이터불,담뱃불,부주의,담배꽁초,종이/목재/건초등,41,맑음,20,11,315,4,,월,2017,4,10,19:20,북부,자등,입,기타(직접입력),입산자 실화추정,0.01,"37,983",봄,0.934
0,20170412,11112,18,강원,철원,동송,상노리,논/밭두렁,담뱃불/라이터불,라이터불/성냥불,부주의,논/임야태우기,종이/목재/건초등,56,맑음,12,12,315,4,,수,2017,4,12,10:49,강원,상노,기,농산폐기물소각,,0.01,"37,983",봄,0.934
0,20170413,11900,17,강원,춘천,서,덕두원리,기타,담뱃불/라이터불,담뱃불,부주의,담배꽁초,종이/목재/건초등,101,맑음,14,23,180,4,건조주의보,목,2017,4,13,14:00,강원,덕두원,담,담뱃불실화,,0.35,"51,062",봄,0.934
0,20170413,1801,11,강원,고성,거진,화포리,기타,작동기기,전기적아크,전기적요인,절연열화에의한단락,종이/목재/건초등,62,맑음,15,42,135,4,,목,2017,4,13,16:00,강원,화포,기,기타(직접입력),전기선 누선추정,0.02,"18,473",봄,0.934
0,20170420,2430,10,강원,고성,죽왕,오봉리,담뱃불,담뱃불/라이터불,담뱃불,부주의,담배꽁초,종이/목재/건초등,62,맑음,15,51,270,4,,목,2017,4,20,12:08,강원,오봉,입,기타(직접입력),입산자 실화,0.01,"18,473",봄,0.934
223,20170423,3256,6,강원,횡성,횡성,조곡리,자동차,담뱃불/라이터불,담뱃불,부주의,담배꽁초,종이/목재/건초등,28,맑음,5,45,225,4,,일,2017,4,23,4:30,강원,조곡,기,기타(직접입력),미상,0.06,"44,302",봄,0.934
0,20170423,10114,22,강원,영월,중동,연상리,쓰레기소각장,불꽃/불티,쓰레기/논밭두렁,부주의,쓰레기소각,쓰레기류,81,맑음,21,22,270,4,,일,2017,4,23,14:20,강원,연상,쓰,쓰레기소각,,0.2,"34,137",봄,0.934
0,20170423,11239,51,강원,양구,양구,도사리,미상,미상,미상,미상,미상,종이/목재/건초등,89,맑음,19,20,225,4,,일,2017,4,23,16:01,강원,도사,기,기타(직접입력),미상,0.12,"19,868",봄,0.934
30,20170423,2600,8,강원,속초,설악,,기타,작동기기,전기적아크,전기적요인,절연열화에의한단락,전기/전자,46,맑음,0,0,,,,일,2017,4,23,16:07,강원,,기,기타(직접입력),전기누전,0.01,"6,148",봄,0.934
1001,20170424,4441,13,강원,강릉,연곡,동덕리,담뱃불,담뱃불/라이터불,담뱃불,부주의,담배꽁초,종이/목재/건초등,239,구름조금,21,37,90,8,건조주의보,월,2017,4,24,14:49,강원,동덕,담,담뱃불실화,,0.3,"37,109",봄,0.934
0,20170428,13548,77,강원,홍천,내,광원리,담뱃불,담뱃불/라이터불,담뱃불,부주의,담배꽁초,종이/목재/건초등,103,구름조금,17,32,225,4,,금,2017,4,28,20:00,북부,광원,입,기타(직접입력),입산자 실화,0.1,"65,341",봄,0.934
0,20170429,10808,14,강원,고성,거진,송강리,담뱃불,담뱃불/라이터불,담뱃불,부주의,담배꽁초,종이/목재/건초등,51,맑음,11,63,315,4,,토,2017,4,29,7:13,강원,송강,입,등산객실화,,0.1,"18,473",봄,0.934
0,20170429,4443,13,강원,춘천,서,방동리,담뱃불,담뱃불/라이터불,담뱃불,부주의,담배꽁초,종이/목재/건초등,42,맑음,24,25,135,4,,토,2017,4,29,13:45,강원,방동,입,등산객실화,,0.02,"51,062",봄,0.934
0,20170429,2200,16,강원,춘천,동산,원창리,담뱃불,담뱃불/라이터불,담뱃불,부주의,담배꽁초,종이/목재/건초등,42,맑음,23,12,90,4,,토,2017,4,29,16:50,강원,원창,입,등산객실화,,0.01,"51,062",봄,0.934
0,20170429,122505,10,강원,춘천,칠전,,미상,담뱃불/라이터불,담뱃불,부주의,담배꽁초,종이/목재/건초등,138,맑음,19,45,0,4,,토,2017,4,30,11:00,북부,,기,기타(직접입력),조사중,0.5,"51,062",봄,0.934
0,20180401,10952,18,강원,철원,동송,상노리,담뱃불,담뱃불/라이터불,담뱃불,부주의,담배꽁초,종이/목재/건초등,57,맑음,20,57,225,4,,일,2018,4,1,15:20,북부,상노,입,산나물채취객실화,,0.1,"37,983",봄,0.934
19800,20180409,20453,40,강원,삼척,원덕,노곡리,자동차,작동기기,기기전도/복사열/기기발열,기계적요인,과열/과부하,종이/목재/건초등,198,구름조금,13,45,90,,,월,2018,4,9,18:30,강원,노곡,기,기타(직접입력),조사중,0.3,"40,191",봄,0.934
1,20180413,13845,37,강원,춘천,동,품걸리,논/밭두렁,불꽃/불티,쓰레기/논밭두렁,부주의,불씨/불꽃/화원방치,종이/목재/건초등,104,구름조금,18,17,45,,,금,2018,4,13,15:00,북부,품걸,쓰,쓰레기소각,,0.02,"51,062",봄,0.934
0,20180420,3411,75,강원,평창,대관령,수하리,담뱃불,담뱃불/라이터불,담뱃불,부주의,담배꽁초,종이/목재/건초등,100,맑음,26,16,315,,,금,2018,4,20,17:50,동부,수하,입,기타(직접입력),입산자 담뱃불 실화추정,0.08,"50,279",봄,0.934
0,20180421,3210,30,강원,화천,간동,구만리,취사행위,불꽃/불티,비화,부주의,음식물조리중,종이/목재/건초등,55,맑음,22,28,45,4,,토,2018,4,21,12:04,강원,구만,입,기타(직접입력),입산자 실화,0.15,"31,778",봄,0.934
0,20180421,223130,9,강원,인제,인제,합강리,미상,담뱃불/라이터불,담뱃불,부주의,담배꽁초,종이/목재/건초등,471,맑음,25,15,225,8,,토,2018,4,21,23:00,북부,합강,입,기타(직접입력),입산자 실화,3,"41,482",봄,0.934
0,20180421,201530,13,강원,춘천,서,덕두원리,담뱃불,담뱃불/라이터불,담뱃불,부주의,담배꽁초,종이/목재/건초등,163,구름조금,27,12,225,4,,토,2018,4,21,18:40,강원,덕두원,입,기타(직접입력),입산자 실화,0.5,"51,062",봄,0.934
0,20190401,4253,52,강원,홍천,서,길곡리,논/밭두렁,불꽃/불티,비화,부주의,논/임야태우기,종이/목재/건초등,83,맑음,7,36,270,4,,월,2019,4,1,20:15,강원,길곡,쓰,잔디소각,,0.02,"65,341",봄,0.934
0,20190403,13108,17,강원,횡성,갑천,포동리,미상,불꽃/불티,모닥불/연탄/숯,부주의,불씨/불꽃/화원방치,종이/목재/건초등,146,맑음,12,24,225,8,,수,2019,4,3,17:30,강원,포동,기,숯가공 재처리 부주의,,0.7,"44,302",봄,0.934
0,20190404,3029,6,강원,횡성,횡성,모평리,기타,불꽃/불티,쓰레기/논밭두렁,부주의,쓰레기소각,종이/목재/건초등,71,맑음,16,29,225,8,건조주의보,목,2019,4,4,14:05,강원,모평,기,성묘객 실화,,0.05,"44,302",봄,0.934
116829,20190404,210700,6,강원,인제,남,남전리,미상,불꽃/불티,비화,부주의,불씨/불꽃/화원방치,종이/목재/건초등,3559,맑음,15,26,225,12,강풍주의보,목,2019,4,6,18:00,강원,남전,쓰,쓰레기 소각,,344.93,"41,482",봄,0.934
0,20190404,10035,32,강원,원주,부론,손곡리,성묘객,불꽃/불티,쓰레기/논밭두렁,부주의,쓰레기소각,종이/목재/건초등,120,맑음,18,24,315,4,,목,2019,4,4,18:00,강원,손곡,쓰,장례용품 소각,,0.7,"52,252",봄,0.934
118520136,20190404,231253,27,강원,고성,토성,원암리,기타,작동기기,불꽃/스파크/정전기,전기적요인,전기적요인,종이/목재/건초등,16742,맑음,16,18,270,17,강풍경보,목,2019,4,5,18:00,강원,원암,기,특고압 전선 아크 불티,,1266.62,"18,473",봄,0.934
74260991,20190404,155144,32,강원,강릉,옥계,남양리,건물,미상,미상,미상,미상,미상,6657,맑음,15,17,225,12,강풍경보,목,2019,4,5,21:30,강원,남양,기,신당 전기초 합선,,1260.15,"37,109",봄,0.934
11000,20190407,5157,31,강원,영월,김삿갓,와석리,쓰레기소각장,불꽃/불티,쓰레기/논밭두렁,부주의,쓰레기소각,쓰레기류,96,맑음,16,44,135,4,건조주의보,일,2019,4,7,12:21,강원,와석,기,농산폐기물 소각,,0.3,"34,137",봄,0.934
0,20190408,15000,20,강원,인제,남,관대리,미상,미상,미상,미상,미상,종이/목재/건초등,157,맑음,11,11,90,4,,월,2019,4,8,18:00,북부,관대,입,입산자 실화추정,,0.5,"41,482",봄,0.934
0,20190412,13340,37,강원,양구,양구,웅진리,미상,담뱃불/라이터불,담뱃불,부주의,담배꽁초,종이/목재/건초등,267,구름조금,10,48,45,4,,금,2019,4,12,23:10,강원,웅진,기,방화,,0.57,"19,868",봄,0.934
0,20190416,5906,26,강원,고성,현내,송현리,미상,미상,미상,미상,미상,미상,269,맑음,22,23,225,4,,화,2019,4,16,18:00,강원,송현,입,입산자 실화,,0.09,"18,473",봄,0.934
0,20190416,4201,36,강원,홍천,서,반곡리,기타,불꽃/불티,용접/절단/연마,부주의,용접/절단/연마,종이/목재/건초등,73,구름조금,22,11,180,4,,화,2019,4,16,16:50,강원,반곡,기,공업사 용접,,0.08,"65,341",봄,0.953
2508,20190417,3228,12,강원,영월,영월,삼옥리,기타,담뱃불/라이터불,담뱃불,부주의,담배꽁초,종이/목재/건초등,128,맑음,24,11,225,4,,수,2019,4,17,14:51,강원,삼옥,담,담뱃불 추정,,0.2,"34,137",봄,0.953
0,20190420,3756,20,강원,춘천,사북,고성리,담뱃불,담뱃불/라이터불,담뱃불,부주의,담배꽁초,종이/목재/건초등,68,맑음,18,48,270,4,,토,2019,4,20,15:30,북부,고성,입,입산자 실화추정,,0.03,"51,062",봄,0.953
0,20200401,4630,16,강원,평창,미탄,평안리,성묘객,담뱃불/라이터불,담뱃불,부주의,담배꽁초,종이/목재/건초등,84,맑음,15,24,0,4,,수,2020,4,1,13:00,동부,평안,기,성묘객실화,,0.05,"50,279",봄,0.953
0,20200403,5047,32,강원,홍천,두촌,장남리,미상,미상,미상,미상,미상,미상,110,맑음,18,43,225,4,,금,2020,4,3,15:45,강원,장남,입,기타(직접입력),입산자실화,0.1,"65,341",봄,0.953
9634,20200404,51938,17,강원,삼척,근덕,동막리,미상,작동기기,전기적아크,전기적요인,전기적요인,전기/전자,313,맑음,13,35,270,,강풍주의보,토,2020,4,4,9:00,강원,동막,기,기타(직접입력),원인미상,0.5,"40,191",봄,0.953
0,20200404,12436,12,강원,횡성,우천,산전리,논/밭두렁,불꽃/불티,쓰레기/논밭두렁,부주의,불씨/불꽃/화원방치,종이/목재/건초등,46,맑음,2,81,45,4,풍랑주의보,토,2020,4,4,6:44,강원,산전,기,농산폐기물소각,,0.08,"44,302",봄,0.953
0,20200404,44232,20,강원,춘천,사북,송암리,미상,담뱃불/라이터불,담뱃불,부주의,담배꽁초,종이/목재/건초등,133,맑음,15,14,315,4,,토,2020,4,4,18:45,강원,송암,기,기타(직접입력),원인미상,0.3,"51,062",봄,0.953
4400,20200408,34606,31,강원,영월,주천,도천리,논/밭두렁,불꽃/불티,용접/절단/연마,부주의,용접/절단/연마,기타,146,맑음,14,11,270,8,,수,2020,4,8,15:00,강원,도천,기,기타(직접입력),용접불꽃 부주의,11.91,"34,137",봄,0.953
0,20200408,12614,8,강원,원주,소초,흥양리,기타,불꽃/불티,모닥불/연탄/숯,부주의,불씨/불꽃/화원방치,종이/목재/건초등,96,맑음,10,23,315,4,건조경보,수,2020,4,8,15:55,강원,홍양,기,기타(직접입력),재처리 부주의,1.5,"52,252",봄,0.953
710,20200410,20927,23,강원,원주,신림,구학리,쓰레기소각장,불꽃/불티,쓰레기/논밭두렁,부주의,쓰레기소각,종이/목재/건초등,124,맑음,11,38,90,4,,금,2020,4,10,13:30,강원,구학,기,기타(직접입력),재처리 부주의,0.5,"52,252",봄,0.953
0,20200410,12722,46,강원,평창,진부,두일리,기타,담뱃불/라이터불,라이터불/성냥불,부주의,쓰레기소각,종이/목재/건초등,128,맑음,7,30,45,4,,금,2020,4,10,13:29,강원,두일,기,기타(직접입력),벌레집소각,0.3,"50,279",봄,0.953
0,20200411,4600,15,강원,횡성,우천,상대리,담뱃불,담뱃불/라이터불,담뱃불,부주의,담배꽁초,종이/목재/건초등,51,맑음,15,32,270,4,,토,2020,4,11,15:02,강원,상대,담,담뱃불실화,,0.01,"44,302",봄,0.953
0,20200413,10540,33,강원,화천,사내,광덕리,쓰레기소각장,불꽃/불티,쓰레기/논밭두렁,부주의,쓰레기소각,종이/목재/건초등,329,맑음,7,32,135,4,,월,2020,4,13,20:03,강원,광덕,쓰,쓰레기소각,,0.09,"31,778",봄,0.953
0,20200414,193403,14,강원,철원,서,자등리,미상,미상,미상,미상,미상,종이/목재/건초등,395,맑음,21,0,180,4,,화,2020,4,15,12:00,북부,자등,입,기타(직접입력),입산자실화,19,"37,983",봄,0.953
0,20200415,11931,19,강원,평창,대화,개수리,미상,미상,미상,미상,미상,종이/목재/건초등,206,맑음,18,39,90,4,,공,2020,4,15,16:45,강원,개수,입,기타(직접입력),입산자실화,0.2,"50,279",봄,0.953
213,20200422,4528,16,강원,강릉,성산,보광리,기타,화학적발화열,화학반응열,화학적요인,자연발화,종이/목재/건초등,196,맑음,7,37,225,12,,수,2020,4,22,15:15,강원,보광,기,기타(직접입력),원인미상,0.3,"37,109",봄,0.953
0,20200422,20412,18,강원,인제,인제,가아리,기타,불꽃/불티,굴뚝아궁이,부주의,불씨/불꽃/화원방치,종이/목재/건초등,137,흐림,6,37,225,8,,수,2020,4,22,16:10,북부,가아,기,기타(직접입력),화목보일러 불씨 비화,0.2,"41,482",봄,0.953
7700,20200424,33143,5,강원,철원,갈말,문혜리,미상,미상,미상,미상,미상,미상,112,맑음,13,41,135,4,건조주의보,금,2020,4,24,14:00,강원,문혜,입,기타(직접입력),입산자실화 추정,0.6,"37,983",봄,0.953
0,20200424,34931,39,강원,춘천,남,관천리,기타,미상,미상,미상,미상,종이/목재/건초등,0,맑음,15,26,315,4,,금,2020,4,24,14:20,강원,관천,기,기타(직접입력),원인미상,1,"51,062",봄,0.953
0,20200426,22014,7,강원,춘천,동,감정리,미상,미상,미상,미상,미상,종이/목재/건초등,69,맑음,18,24,315,4,,일,2020,4,26,15:00,강원,감정,기,기타(직접입력),원인미상,0.01,"51,062",봄,0.953
0,20200427,10141,9,강원,횡성,공근,학담리,입산자실화,미상,미상,부주의,부주의,종이/목재/건초등,64,비,14,49,180,4,,월,2020,4,27,12:40,강원,학담,입,기타(직접입력),입산자실화,0.02,"44,302",봄,0.953
0,20200430,21403,25,강원,홍천,서석,어론리,미상,미상,미상,미상,미상,미상,133,맑음,23,33,225,4,건조주의보,공,2020,4,30,18:00,북부,어론,입,기타(직접입력),입산자실화,0.2,"65,341",봄,0.953
247,20200430,4951,32,강원,원주,지정,판대리,담뱃불,담뱃불/라이터불,담뱃불,부주의,담배꽁초,종이/목재/건초등,57,맑음,24,43,270,8,,공,2020,4,30,20:00,강원,판대,입,기타(직접입력),입산자실화 추정,0.01,"52,252",봄,0.953
67716,20210331,205045,32,강원,정선,신동,운치리,논/밭두렁,불꽃/불티,불꽃/불티,부주의,기기사용/설치부주의,종이/목재/건초등,302,맑음,22,8,225,4,건조주의보,수,2021,4,1,12:54,강원,운치,기,기타(직접입력),예초기 불씨 부주의,10.7,"36,723",봄,0.953
67716,20210331,205045,32,강원,정선,신동,운치리,논/밭두렁,불꽃/불티,불꽃/불티,부주의,기기사용설치부주의,종이/목재/건초등,302,맑음,21,8,225,4,건조주의보,수,2021,4,1,12:54,강원,운치,기,기타(직접입력),예초기 불씨 부주의,10.7,"36,723",봄,0.953
0,20210331,174355,12,강원,양구,양구,도사리,미상,미상,미상,미상,미상,미상,98,맑음,20,13,315,4,,수,2021,4,1,11:00,북부,도사,기,기타(직접입력),노후화된 불발탄,0.5,"19,868",봄,0.953
0,20210417,2859,10,강원,홍천,동,월운리,미상,미상,미상,부주의,불씨/불꽃/화원방치,종이/목재/건초등,54,맑음,9,62,225,4,,토,2021,4,17,10:30,강원,월운,기,기타(직접입력),연탄재투기,0.01,"65,341",봄,0.953
0,20210417,2859,9,강원,홍천,동,월운리,미상,미상,미상,부주의,불씨/불꽃/화원방치,종이/목재/건초등,54,맑음,9,62,225,4,,토,2021,4,17,10:30,강원,월운,기,기타(직접입력),연탄재투기,0.01,"65,341",봄,0.953
0,20210417,10448,42,강원,평창,진부,봉산리,미상,미상,미상,미상,미상,기타,53,맑음,14,29,180,,,토,2021,4,17,13:15,강원,봉산,기,작업장실화,,0.01,"50,279",봄,0.953
0,20210417,10448,42,강원,평창,진부,봉산리,미상,미상,미상,미상,미상,기타,53,맑음,13,29,180,,,토,2021,4,17,13:15,강원,봉산,기,작업장실화,,0.01,"50,279",봄,0.953
0,20210419,31727,11,강원,횡성,공근,초원리,담뱃불,담뱃불/라이터불,담뱃불/라이터불,부주의,담배꽁초,종이/목재/건초등,151,맑음,19,30,135,4,,월,2021,4,19,21:00,강원,초원,입,기타(직접입력),입산자실화,1.48,"44,302",봄,0.953
0,20210420,10442,17,강원,홍천,남,명동리,논/밭두렁,불꽃/불티,쓰레기/논밭두렁,부주의,논/임야태우기,종이/목재/건초등,64,맑음,26,22,315,4,,화,2021,4,20,18:00,강원,명동,기,논밭두렁소각,,0.66,"65,341",봄,0.953
0,20210420,10442,17,강원,홍천,남,명동리,논/밭두렁,불꽃/불티,쓰레기/논밭두렁,부주의,논/임야태우기,종이/목재/건초등,64,맑음,25,22,315,4,,화,2021,4,20,18:00,강원,명동,기,논밭두렁소각,,0.66,"65,341",봄,0.953
3850,20210421,21838,56,강원,평창,대관령,유천리,담뱃불,담뱃불/라이터불,담뱃불,부주의,담배꽁초,종이/목재/건초등,177,맑음,24,29,315,4,,수,2021,4,21,14:10,강원,유천,기,기타(직접입력),원인미상,1,"50,279",봄,0.953
3850,20210421,21838,56,강원,평창,대관령,유천리,담뱃불,담뱃불/라이터불,담뱃불,부주의,담배꽁초,종이/목재/건초등,177,맑음,23,29,315,4,,수,2021,4,21,14:10,강원,유천,기,기타(직접입력),원인미상,1,"50,279",봄,0.953
2959,20210422,3855,14,강원,철원,동송,대위리,성묘객,불꽃/불티,쓰레기/논밭두렁,부주의,쓰레기소각,쓰레기류,52,맑음,26,31,90,4,,목,2021,4,22,13:57,강원,대위,쓰,쓰레기소각,,0.02,"37,983",봄,0.953
2959,20210422,3855,13,강원,철원,동송,대위리,성묘객,불꽃/불티,쓰레기/논밭두렁,부주의,쓰레기소각,쓰레기류,52,맑음,25,31,90,4,,목,2021,4,22,13:57,강원,대위,쓰,쓰레기소각,,0.02,"37,983",봄,0.953
0,20210425,22859,24,강원,원주,신림,성남리,담뱃불,담뱃불/라이터불,담뱃불,부주의,담배꽁초,종이/목재/건초등,126,맑음,20,31,225,4,,일,2021,4,25,17:24,강원,성남,입,기타(직접입력),입산자실화,1.5,"52,252",봄,0.953
0,20210425,22859,24,강원,원주,신림,성남리,담뱃불,담뱃불/라이터불,담뱃불,부주의,담배꽁초,종이/목재/건초등,126,맑음,20,31,225,4,,일,2021,4,25,17:24,강원,성남,입,기타(직접입력),입산자실화,1.5,"52,252",봄,0.953
0,20210427,4600,19,강원,인제,인제,가아리,기타,담뱃불/라이터불,담뱃불/라이터불,부주의,부주의,종이/목재/건초등,126,맑음,18,37,225,4,,화,2021,4,27,15:30,북부,가아,입,기타(직접입력),입산자실화,0.17,"41,482",봄,0.953
0,20210427,4600,19,강원,인제,인제,가아리,기타,담뱃불/라이터불,담뱃불/라이터불,부주의,부주의,종이/목재/건초등,126,맑음,17,366,225,4,,화,2021,4,27,15:30,북부,가아,입,기타(직접입력),입산자실화,0.17,"41,482",봄,0.953
0,20210425,22638,42,강원,평창,봉평,흥정리,기타,담뱃불/라이터불,담뱃불,부주의,담배꽁초,종이/목재/건초등,53,맑음,13,41,135,4,,일,2021,4,25,13:35,동부,흥정,입,기타(직접입력),휴양객실화,0.01,"50,279",봄,0.953
0,20120501,14000,57,강원,삼척,가곡,탕곡리,기타,담뱃불/라이터불,담뱃불,부주의,담배꽁초,종이/목재/건초등,146,맑음,16,68,45,8,,화,2012,5,1,16:30,동부,탕곡,입,입산자실화,,0.12,"40,519",봄,0.953
0,20120506,15250,45,강원,화천,화천,신읍리,논/밭두렁,미상,미상,부주의,쓰레기소각,쓰레기류,125,맑음,19,15,90,12,,일,2012,5,6,16:20,북부,신읍,입,입산자실화,,0.1,"31,898",봄,0.953
0,20120506,3219,19,강원,원주,호저,대덕리,미상,미상,미상,미상,미상,종이/목재/건초등,67,맑음,19,15,90,12,,일,2012,5,6,14:45,강원,대덕,입,입산자실화,,0.05,"52,641",봄,0.953
0,20120506,1906,23,강원,홍천,화촌,풍천리,담뱃불,담뱃불/라이터불,담뱃불,부주의,부주의,기타,28,맑음,24,12,225,8,,일,2012,5,6,17:09,북부,풍촌,입,입산자실화,,0.01,"66,533",봄,0.953
0,20120507,2400,8,강원,철원,갈말,지경리,미상,미상,미상,미상,미상,종이/목재/건초등,50,맑음,24,20,225,4,,월,2012,5,7,16:15,강원,지경,입,입산자실화,,0.05,"41,764",봄,0.953
0,20120507,25123,45,강원,평창,봉평,진조리,미상,미상,미상,미상,미상,미상,140,맑음,22,10,90,8,,월,2012,5,7,17:40,강원,진조,입,입산자실화,,0.1,"50,856",봄,0.953
0,20120523,20248,45,강원,화천,상서,노동리,담뱃불,담뱃불/라이터불,담뱃불,부주의,담배꽁초,종이/목재/건초등,36,맑음,15,79,45,4,,수,2012,5,23,8:40,북부,노동,입,입산자실화,,0.04,"31,898",봄,0.953
0,20120526,13237,16,강원,평창,미탄,창리,담뱃불,불꽃/불티,불꽃/불티,부주의,불씨/불꽃/화원방치,종이/목재/건초등,84,맑음,23,15,90,12,,토,2012,5,26,17:20,강원,창,기,낙뢰,,0.2,"50,856",봄,0.953
0,20120527,11158,11,강원,영월,남,북쌍리,기타,자연적발화열,낙뢰,자연적인요인,자연적재해,종이/목재/건초등,19,비,18,62,270,8,,일,2012,5,27,16:20,강원,북쌍,기,낙뢰,,0.1,"34,604",봄,0.953
0,20120527,11524,35,강원,홍천,화촌,장평리,기타,자연적발화열,낙뢰,자연적인요인,자연적재해,기타,32,흐림,21,68,225,4,,일,2012,5,27,18:40,북부,장평,기,낙뢰,,0.01,"66,533",봄,0.953
0,20120527,24000,16,강원,삼척,미로,고천리,미상,미상,미상,미상,미상,미상,72,소나기,22,25,270,8,,일,2012,5,27,19:20,강원,고천,기,낙뢰,,0.01,"40,519",봄,0.953
90,20120528,13341,7,강원,홍천,동,덕치리,기타,자연적발화열,낙뢰,자연적인요인,자연적재해,기타,65,맑음,22,55,45,4,,공,2012,5,28,12:50,강원,덕치,기,낙뢰,,0.07,"66,533",봄,0.953
0,20120528,20900,23,강원,정선,여량,유천2리,미상,미상,미상,미상,미상,종이/목재/건초등,58,맑음,15,82,135,8,,공,2012,5,28,15:40,동부,유천,기,낙뢰,,0.01,"37,770",봄,0.953
0,20120529,5458,35,강원,원주,부론,정산리,미상,미상,미상,미상,미상,종이/목재/건초등,38,구름많음,18,80,0,4,,화,2012,5,29,13:35,강원,정산,기,낙뢰,,0.01,"52,641",봄,0.953
0,20120530,54714,35,강원,홍천,화촌,장평리,기타,자연적발화열,낙뢰,자연적인요인,자연적재해,기타,93,흐림,15,84,,4,,수,2012,5,30,17:30,북부,장평,기,낙뢰,,0.1,"66,533",봄,0.953
0,20120530,21757,8,강원,홍천,동,후동리,기타,자연적발화열,낙뢰,자연적인요인,자연적재해,종이/목재/건초등,51,비,15,87,,4,,수,2012,5,30,14:05,북부,후동,기,낙뢰,,0.1,"66,533",봄,0.953
0,20120530,1852,60,강원,양구,양구,고대리,기타,자연적발화열,낙뢰,자연적인요인,자연적인요인,종이/목재/건초등,27,비,17,78,45,4,,수,2012,5,30,9:50,강원,고대,기,낙뢰,,0.01,"19,961",봄,0.953
0,20130504,739,4,강원,홍천,홍천,하오안리,입산자실화,담뱃불/라이터불,담뱃불/라이터불,부주의,부주의,종이/목재/건초등,93,맑음,18,39,315,4,,토,2013,5,4,13:30,강원,하오안,입,입산자실화,,0.1,"66,533",봄,0.953
0,20130506,12000,6,강원,춘천,동,만천리,미상,미상,미상,미상,미상,종이/목재/건초등,49,맑음,8,78,0,4,,월,2013,5,6,16:19,강원,지내,입,입산자실화,,0.1,"53,207",봄,0.953
0,20130506,12000,6,강원,춘천,동,만천리,미상,미상,미상,미상,미상,종이/목재/건초등,49,맑음,8,78,0,4,,월,2013,5,6,4:30,강원,만천,입,입산자실화,,0.5,"53,207",봄,0.953
0,20130506,2703,6,강원,춘천,동,지내리,입산자실화,미상,미상,기타,기타,종이/목재/건초등,98,맑음,24,30,225,4,,월,2013,5,6,16:19,강원,지내,입,입산자실화,,0.1,"53,207",봄,0.953
0,20130506,2703,6,강원,춘천,동,지내리,입산자실화,미상,미상,기타,기타,종이/목재/건초등,98,맑음,24,30,225,4,,월,2013,5,6,4:30,강원,만천,입,입산자실화,,0.5,"53,207",봄,0.953
0,20130508,15100,10,강원,속초,설악,,미상,미상,미상,미상,미상,종이/목재/건초등,46,맑음,24,32,270,,,수,2013,5,8,12:40,강원,,입,입산자실화추정,,0.01,"6,235",봄,0.953
0,20130508,20100,18,강원,횡성,강림,강림리,기타,담뱃불/라이터불,담뱃불,부주의,담배꽁초,종이/목재/건초등,102,맑음,24,32,270,,,수,2013,5,8,14:40,강원,강림,담,담뱃불실화,,0.2,"44,631",봄,0.953
1445,20130512,13100,10,강원,삼척,미로,하거노1리,입산자실화,미상,미상,부주의,부주의,종이/목재/건초등,149,맑음,25,28,225,12,,일,2013,5,12,15:30,강원,하거노,입,입산자실화,,0.1,"40,519",봄,0.953
0,20130514,5400,49,강원,화천,화천,동촌리,논/밭두렁,미상,미상,미상,미상,종이/목재/건초등,47,구름많음,17,39,0,4,,화,2013,5,14,10:33,강원,동촌,입,입산자실화,,0.02,"31,898",봄,0.953
0,20130516,4022,17,강원,홍천,남,화전리,담뱃불,담뱃불/라이터불,담뱃불/라이터불,부주의,부주의,종이/목재/건초등,83,맑음,23,32,90,4,,목,2013,5,16,12:10,강원,화전,입,입산자실화,,0.05,"66,533",봄,0.953
0,20130517,2000,15,강원,춘천,서,덕두원리,담뱃불,담뱃불/라이터불,담뱃불,부주의,담배꽁초,종이/목재/건초등,67,맑음,16,71,0,4,,금,2013,5,18,0:30,강원,덕두원,입,입산자실화추정,,0.02,"53,207",봄,0.953
2,20140504,14447,9,강원,홍천,동,속초리,입산자실화,불꽃/불티,불꽃/불티,부주의,기타(부주의),종이/목재/건초등,94,비,16,28,270,,,일,2014,5,4,21:17,강원,속초,입,등산객실화,,0.1,"66,533",봄,0.953
0,20140505,2938,67,강원,양구,동,팔랑리,입산자실화,불꽃/불티,불꽃/불티,부주의,기타(부주의),종이/목재/건초등,49,맑음,8,68,315,4,풍랑주의보,공,2014,5,5,21:00,강원,원당,입,기타(직접입력),입산자실화 추정,0.05,"19,961",봄,0.953
0,20140506,4100,9,강원,영월,영월,정양리,쓰레기소각장,불꽃/불티,쓰레기/논밭두렁,부주의,쓰레기소각,종이/목재/건초등,288,구름조금,18,23,225,4,,공,2014,5,6,20:40,강원,정양,쓰,쓰레기소각,,0.3,"34,604",봄,0.953
900,20140509,11800,35,강원,삼척,노곡,주지리,입산자실화,기타,기타,부주의,기타(부주의),종이/목재/건초등,136,맑음,12,25,135,4,,금,2014,5,9,18:25,강원,주지,입,산나물채취객실화,,0.3,"40,519",봄,0.953
462,20140510,22421,22,강원,영월,북,덕상리,담뱃불,담뱃불/라이터불,담뱃불,부주의,담배꽁초,종이/목재/건초등,128,맑음,27,21,180,8,,토,2014,5,10,17:48,동부,덕상,입,기타(직접입력),입산자 실화추정,0.5,"34,604",봄,0.953
0,20140511,5916,15,강원,인제,남,부평리,담뱃불,담뱃불/라이터불,담뱃불,부주의,담배꽁초,종이/목재/건초등,53,흐림,17,72,45,4,,일,2014,5,11,18:00,강원,부평,입,기타(직접입력),입산자 실화추정,0.03,"41,921",봄,0.953
0,20140514,5600,55,강원,정선,임계,가목리,담뱃불,담뱃불/라이터불,담뱃불,부주의,담배꽁초,종이/목재/건초등,133,맑음,23,30,180,4,,수,2014,5,14,19:40,동부,가목,입,기타(직접입력),입산자 실화추정,0.1,"37,770",봄,0.953
5755,20140526,5500,20,강원,삼척,근덕,교곡리,담뱃불,담뱃불/라이터불,담뱃불,부주의,담배꽁초,종이/목재/건초등,95,맑음,32,34,180,4,,월,2014,5,26,14:10,강원,교곡,입,산나물채취객실화,,0.3,"40,519",봄,0.953
0,20140528,4936,80,강원,양구,남,도촌리,입산자실화,불꽃/불티,불꽃/불티,부주의,기타(부주의),종이/목재/건초등,53,맑음,25,0,45,4,,수,2014,5,28,19:05,북부,명곶,입,등산객실화,,0.1,"19,961",봄,0.953
41250,20140531,25610,19,강원,평창,미탄,평안리,논/밭두렁,불꽃/불티,쓰레기/논밭두렁,부주의,논/임야태우기,종이/목재/건초등,105,맑음,33,22,270,4,,토,2014,5,31,19:04,동부,평안,기,논밭두렁소각,,0.9,"50,856",봄,0.953
4,20150502,24936,19,강원,영월,남,토교리,담뱃불,담뱃불/라이터불,담뱃불,부주의,담배꽁초,종이/목재/건초등,128,맑음,29,35,180,4,,토,2015,5,2,16:00,강원,토교,입,입산자실화 추정,,0.03,"34,137",봄,0.953
0,20150502,10820,26,강원,강릉,주문진,삼교리,미상,미상,미상,미상,미상,종이/목재/건초등,70,맑음,22,59,135,4,,토,2015,5,2,19:40,강원,삼교,입,입산자실화 추정,,0.02,"37,109",봄,0.953
0,20150505,10900,15,강원,강릉,사천,노동리,모닥불,담뱃불/라이터불,라이터불/성냥불,부주의,부주의,종이/목재/건초등,76,맑음,14,32,180,4,,공,2015,5,5,8:30,강원,노동,담,담뱃불 실화,,0.01,"37,109",봄,0.953
0,20150505,14523,32,강원,강릉,왕산,대기리,입산자실화,기타,기타,부주의,부주의,종이/목재/건초등,229,맑음,15,46,270,4,,공,2015,5,5,12:50,강원,대기,담,담뱃불 실화,,0.2,"37,109",봄,0.953
0,20150505,10622,36,강원,평창,봉평,무이리,담뱃불,담뱃불/라이터불,담뱃불,부주의,담배꽁초,종이/목재/건초등,44,맑음,17,29,270,4,,공,2015,5,5,12:20,강원,무이,입,입산자실화 추정,,0.1,"50,279",봄,0.953
2541,20150505,12428,5,강원,횡성,횡성,학곡리,취사행위,불꽃/불티,비화,부주의,음식물조리중,종이/목재/건초등,41,맑음,21,28,225,4,,공,2015,5,5,17:50,강원,학곡,입,입산자실화 추정,,0.01,"44,302",봄,0.953
0,20150507,1224,12,강원,춘천,서,월송리,담뱃불,담뱃불/라이터불,담뱃불,부주의,부주의,종이/목재/건초등,102,맑음,23,33,270,4,,목,2015,5,7,14:40,강원,월송,입,입산자실화 추정,,0.01,"51,062",봄,0.953
907,20150507,2328,16,강원,춘천,동산,군자리,논/밭두렁,불꽃/불티,쓰레기/논밭두렁,부주의,논/임야태우기,종이/목재/건초등,80,맑음,24,33,225,4,,목,2015,5,7,16:00,강원,군자,기,논밭두렁 소각,,0.01,"51,062",봄,0.953
0,20150508,11409,0,강원,강릉,왕산,왕산리,담뱃불,담뱃불/라이터불,담뱃불,부주의,담배꽁초,종이/목재/건초등,107,맑음,19,0,135,4,,금,2015,5,8,14:10,강원,왕산,입,입산자실화 추정,,0.1,"37,109",봄,0.953
0,20150510,5515,26,강원,강릉,왕산,대기리,담뱃불,담뱃불/라이터불,담뱃불,부주의,담배꽁초,종이/목재/건초등,91,맑음,8,0,0,4,,일,2015,5,10,16:45,강원,대기,입,입산자실화 추정,,0.1,"37,109",봄,0.953
0,20150511,25000,40,강원,정선,임계,봉산리,담뱃불,담뱃불/라이터불,담뱃불,부주의,담배꽁초,미상,105,맑음,21,41,225,4,,월,2015,5,11,15:00,동부,봉산,입,입산자실화 추정,,0.1,"36,723",봄,0.953
2660,20150517,24500,34,강원,양양,현북,잔교리,담뱃불,담뱃불/라이터불,담뱃불,부주의,담배꽁초,종이/목재/건초등,160,맑음,0,0,,,,일,2015,5,17,14:15,강원,잔교,입,입산자 실화추정,,0.3,"16,034",봄,0.953
0,20150517,21501,53,강원,홍천,내,율전리,기타,불꽃/불티,불꽃/불티,부주의,불씨/불꽃/화원방치,종이/목재/건초등,131,구름조금,21,22,270,,,일,2015,5,17,20:00,강원,율전,입,입산자실화 추정,,0.2,"65,341",봄,0.953
0,20150521,74600,28,강원,삼척,노곡,고자리,논/밭두렁,불꽃/불티,쓰레기/논밭두렁,부주의,부주의,종이/목재/건초등,335,맑음,19,57,135,8,,목,2015,5,21,20:00,강원,고자,기,농산폐기물 소각,,3.14,"40,191",봄,0.953
333,20150521,13111,3,강원,홍천,홍천,갈마곡1리,기타,담뱃불/라이터불,라이터불/성냥불,방화,방화,종이/목재/건초등,145,맑음,28,20,270,,,목,2015,5,21,21:00,강원,갈마곡,입,입산자 실화,,1,"65,341",봄,0.953
0,20150521,20424,5,강원,영월,북,문곡리,논/밭두렁,불꽃/불티,불꽃/불티,부주의,불씨/불꽃/화원방치,종이/목재/건초등,120,맑음,27,26,270,4,,목,2015,5,21,17:00,강원,문곡,기,왕겨소각,,0.04,"34,137",봄,0.953
0,20150521,23842,34,강원,강릉,왕산,대기리,담뱃불,담뱃불/라이터불,담뱃불,부주의,담배꽁초,종이/목재/건초등,252,구름조금,20,34,315,12,건조주의보,목,2015,5,22,1:00,강원,대기,입,입산자실화 추정,,0.7,"37,109",봄,0.953
0,20150523,21804,7,강원,평창,평창,조둔리,담뱃불,담뱃불/라이터불,담뱃불,부주의,담배꽁초,종이/목재/건초등,96,구름조금,26,20,0,4,,토,2015,5,23,20:00,강원,조둔,입,입산자실화 추정,,0.5,"50,279",봄,0.953
0,20150525,121217,21,강원,횡성,갑천,병지방리,담뱃불,담뱃불/라이터불,담뱃불,부주의,담배꽁초,종이/목재/건초등,139,맑음,11,98,45,4,,공,2015,5,25,17:00,북부,병지방,입,입산자 실화,,0.5,"44,302",봄,0.953
0,20150528,12809,17,강원,평창,미탄,한탄리,미상,미상,미상,미상,미상,미상,141,구름조금,29,17,225,4,,목,2015,5,28,19:35,강원,한탄,입,입산자실화 추정,,0.3,"50,279",봄,0.953
0,20150529,33900,62,강원,삼척,가곡,동활리,입산자실화,기타,기타,기타,기타,종이/목재/건초등,188,맑음,27,37,225,4,,금,2015,5,29,21:50,동부,동활,입,입산자실화 추정,,0.25,"40,191",봄,0.953
18816,20150531,15100,42,강원,삼척,하장,갈전리,논/밭두렁,불꽃/불티,쓰레기/논밭두렁,부주의,논/임야태우기,종이/목재/건초등,211,구름조금,21,55,90,4,,일,2015,5,31,16:30,강원,갈전,기,논밭두렁 소각,,1.3,"40,191",봄,0.953
0,20150531,15643,68,강원,화천,상서,부촌리,담뱃불,담뱃불/라이터불,담뱃불/라이터불,부주의,담배꽁초,종이/목재/건초등,88,맑음,27,0,180,4,,일,2015,5,31,18:00,강원,부촌,입,입산자실화 추정,,0.03,"31,778",봄,0.967
0,20150531,32820,55,강원,화천,사내,명월리,담뱃불,담뱃불/라이터불,담뱃불,부주의,담배꽁초,종이/목재/건초등,195,맑음,28,21,225,4,,일,2015,5,31,18:00,강원,명월,입,입산자실화 추정,,0.06,"31,778",봄,0.967
0,20150531,42933,14,강원,횡성,우천,양적리,담뱃불,담뱃불/라이터불,담뱃불,부주의,담배꽁초,종이/목재/건초등,61,맑음,25,48,270,4,,일,2015,5,31,23:05,강원,양적,입,입산자실화 추정,,0.15,"44,302",봄,0.967
2310,20160507,15201,37,강원,삼척,하장,,담뱃불,담뱃불/라이터불,담뱃불,부주의,담배꽁초,종이/목재/건초등,175,맑음,20,30,225,4,,토,2016,5,7,19:00,강원,장전,입,기타(직접입력),입산자 실화추정,0.03,"40,191",봄,0.967
544,20160512,4200,25,강원,삼척,근덕,,군경사격장,불꽃/불티,불꽃/불티,부주의,불씨/불꽃/화원방치,종이/목재/건초등,207,맑음,19,40,90,4,,목,2016,5,12,19:30,강원,부남,기,기타(직접입력),군사훈련(신호탄),0.05,"40,191",봄,0.967
0,20160514,10944,29,강원,정선,신동,,논/밭두렁,불꽃/불티,불꽃/불티,부주의,불씨/불꽃/화원방치,종이/목재/건초등,71,맑음,26,9,135,4,,토,2016,5,14,14:20,강원,운치,기,작업장실화,,0.3,"36,723",봄,0.967
0,20160514,14111,34,강원,정선,남,,미상,미상,미상,미상,미상,미상,107,맑음,27,14,225,4,,토,2016,5,14,18:00,강원,무릉,기,작업장실화,,2,"36,723",봄,0.967
0,20160515,21044,33,강원,정선,신동,,담뱃불,담뱃불/라이터불,담뱃불,부주의,담배꽁초,종이/목재/건초등,109,맑음,23,50,45,4,,일,2016,5,15,15:30,강원,운치,입,기타(직접입력),입산자 실화추정(조사중),0.1,"36,723",봄,0.967
0,20160518,20800,8,강원,양양,강현,,논/밭두렁,불꽃/불티,쓰레기/논밭두렁,부주의,논/임야태우기,기타,132,맑음,27,28,135,4,,수,2016,5,18,15:40,강원,침교,기,농산폐기물소각,,0.05,"16,034",봄,0.967
0,20160520,2058,12,강원,원주,소초,,쓰레기소각장,불꽃/불티,쓰레기/논밭두렁,부주의,쓰레기소각,종이/목재/건초등,32,맑음,29,20,315,4,,금,2016,5,20,16:23,강원,홍양,입,기타(직접입력),입산자실화추정,0.08,"52,252",봄,0.967
0,20160521,11515,15,강원,춘천,신동,,기타,불꽃/불티,용접/절단/연마,부주의,용접/절단/연마,종이/목재/건초등,53,맑음,0,0,,,,토,2016,5,21,18:00,강원,의암,기,작업장실화,,0.01,"51,062",봄,0.967
0,20160521,5017,52,강원,양구,양구,,기타,불꽃/불티,쓰레기/논밭두렁,부주의,쓰레기소각,종이/목재/건초등,33,맑음,0,0,,,,토,2016,5,21,21:40,강원,학조,쓰,쓰레기소각,,0.05,"19,868",봄,0.967
2333,20160530,11403,48,강원,평창,진부,,쓰레기소각장,불꽃/불티,쓰레기/논밭두렁,부주의,불씨/불꽃/화원방치,종이/목재/건초등,80,맑음,27,33,270,4,,월,2016,5,30,15:50,강원,송정,쓰,쓰레기소각,,1,"50,279",봄,0.967
0,20170501,22316,8,강원,인제,남,관대리,입산자실화,담뱃불/라이터불,담뱃불,부주의,담배꽁초,종이/목재/건초등,98,맑음,24,14,90,4,,월,2017,5,1,16:30,북부,관대,기,기타(직접입력),조사중,0.5,"41,482",봄,0.967
0,20170501,5137,10,강원,고성,간성,탑동리,입산자실화,기타,기타,부주의,부주의,종이/목재/건초등,89,맑음,19,65,135,4,,월,2017,5,1,15:55,강원,탑동,입,등산객실화,,0.05,"18,473",봄,0.967
11000,20170502,3804,33,강원,원주,부론,정산리,논/밭두렁,불꽃/불티,쓰레기/논밭두렁,부주의,논/임야태우기,종이/목재/건초등,100,맑음,26,36,270,4,,화,2017,5,2,13:30,강원,정산,기,논밭두렁소각,,0.1,"52,252",봄,0.967
2200,20170502,4806,31,강원,원주,문막,비두리,담뱃불,담뱃불/라이터불,담뱃불,부주의,담배꽁초,종이/목재/건초등,89,맑음,26,29,315,4,,화,2017,5,2,15:10,강원,비두,입,기타(직접입력),입산자 실화,0.05,"52,252",봄,0.967
0,20170502,12930,34,강원,홍천,내촌,와야리,쓰레기소각장,불꽃/불티,쓰레기/논밭두렁,부주의,쓰레기소각,종이/목재/건초등,182,맑음,27,20,0,8,,화,2017,5,2,20:00,북부,와야,쓰,쓰레기소각,,0.3,"65,341",봄,0.967
0,20170502,1919,13,강원,고성,거진,화포리,기타,자연적발화열,햇볕,자연적인요인,돋보기효과,종이/목재/건초등,164,맑음,17,70,135,4,,화,2017,5,2,15:33,강원,화포,입,기타(직접입력),입산자 실화,0.05,"18,473",봄,0.967
0,20170503,5721,8,강원,홍천,북방,성동리,담뱃불,담뱃불/라이터불,담뱃불,부주의,담배꽁초,종이/목재/건초등,101,맑음,26,24,45,4,,수,2017,5,3,19:00,강원,화동,기,농산폐기물소각,,0.05,"65,341",봄,0.967
0,20170503,5721,8,강원,홍천,북방,성동리,담뱃불,담뱃불/라이터불,담뱃불,부주의,담배꽁초,종이/목재/건초등,101,맑음,26,24,45,4,,수,2017,5,3,17:00,강원,성동,입,기타(직접입력),입산자 실화,1.3,"65,341",봄,0.967
0,20170503,2535,6,강원,홍천,북방,화동리,논/밭두렁,불꽃/불티,쓰레기/논밭두렁,부주의,쓰레기소각,종이/목재/건초등,85,맑음,29,11,0,4,,수,2017,5,3,19:00,강원,화동,기,농산폐기물소각,,0.05,"65,341",봄,0.967
0,20170503,2535,6,강원,홍천,북방,화동리,논/밭두렁,불꽃/불티,쓰레기/논밭두렁,부주의,쓰레기소각,종이/목재/건초등,85,맑음,29,11,0,4,,수,2017,5,3,17:00,강원,성동,입,기타(직접입력),입산자 실화,1.3,"65,341",봄,0.967
79,20170503,34858,40,강원,영월,상동,내덕리,입산자실화,불꽃/불티,불꽃/불티,부주의,불씨/불꽃/화원방치,종이/목재/건초등,150,맑음,26,29,225,4,,수,2017,5,3,23:50,동부,내덕,입,기타(직접입력),입산자 실화추정,0.1,"34,137",봄,0.967
79,20170503,34858,40,강원,영월,상동,내덕리,입산자실화,불꽃/불티,불꽃/불티,부주의,불씨/불꽃/화원방치,종이/목재/건초등,150,맑음,26,29,225,4,,수,2017,5,3,19:30,동부,내덕,입,기타(직접입력),입산자 실화,0.5,"34,137",봄,0.967
75,20170503,20300,52,강원,영월,상동,내덕리,담뱃불,담뱃불/라이터불,담뱃불,부주의,담배꽁초,종이/목재/건초등,234,맑음,17,37,90,4,,수,2017,5,3,23:50,동부,내덕,입,기타(직접입력),입산자 실화추정,0.1,"34,137",봄,0.967
75,20170503,20300,52,강원,영월,상동,내덕리,담뱃불,담뱃불/라이터불,담뱃불,부주의,담배꽁초,종이/목재/건초등,234,맑음,17,37,90,4,,수,2017,5,3,19:30,동부,내덕,입,기타(직접입력),입산자 실화,0.5,"34,137",봄,0.967
0,20170503,10453,8,강원,영월,영월,팔괴리,담뱃불,담뱃불/라이터불,담뱃불,부주의,담배꽁초,기타,42,맑음,28,17,270,4,,수,2017,5,3,18:30,동부,팔괴,입,기타(직접입력),입산자 실화추정,0.01,"34,137",봄,0.967
0,20170505,13249,13,강원,정선,남,낙동리,담뱃불,담뱃불/라이터불,담뱃불,부주의,담배꽁초,종이/목재/건초등,125,맑음,20,55,135,4,건조경보,금,2017,5,5,16:05,강원,낙동,입,기타(직접입력),입산자 실화,0.1,"36,723",봄,0.967
0,20170505,1554,28,강원,강릉,왕산,대기리,담뱃불,담뱃불/라이터불,담뱃불,부주의,담배꽁초,종이/목재/건초등,138,맑음,26,31,180,8,,금,2017,5,5,15:45,강원,대기,입,기타(직접입력),입산자 실화,0.05,"37,109",봄,0.967
0,20170505,1636,10,강원,홍천,동,월운리,담뱃불,담뱃불/라이터불,담뱃불,부주의,담배꽁초,종이/목재/건초등,65,맑음,0,0,,,,공,2017,5,5,20:30,강원,월운,입,기타(직접입력),입산자 실화추정,0.01,"65,341",봄,0.967
2126645,20170506,232500,38,강원,삼척,도계,점리,담뱃불,담뱃불/라이터불,담뱃불,부주의,담배꽁초,종이/목재/건초등,1140,맑음,21,24,225,12,건조주의보,토,2017,5,9,11:20,강원,점,입,기타(직접입력),입산자 실화,765.12,"40,191",봄,0.967
0,20170506,3043,1,강원,고성,간성,신안리,입산자실화,담뱃불/라이터불,담뱃불/라이터불,부주의,부주의,종이/목재/건초등,40,맑음,23,14,270,4,,토,2017,5,6,14:36,강원,신안,입,기타(직접입력),입산자 실화추정,0.02,"18,473",봄,0.967
0,20170506,10337,29,강원,홍천,내촌,도관리,건물,미상,미상,미상,미상,미상,78,구름많음,21,16,225,8,,토,2017,5,6,16:30,강원,도관,건,주택화재비화,,0.47,"65,341",봄,0.967
6693391,20170506,133403,14,강원,강릉,성산,어흘리,입산자실화,기타,기타,부주의,부주의,종이/목재/건초등,2840,맑음,22,12,225,,,토,2017,5,9,6:34,강원,어흘,입,기타(직접입력),입산자 실화,252,"37,109",봄,0.967
7700,20170507,13452,30,강원,춘천,북산,오항리,담뱃불,담뱃불/라이터불,담뱃불,부주의,담배꽁초,종이/목재/건초등,178,맑음,21,22,225,4,,일,2017,5,7,22:45,북부,조교,기,기타(직접입력),원인미상(조사중),0.01,"51,062",봄,0.967
7700,20170507,13452,30,강원,춘천,북산,오항리,담뱃불,담뱃불/라이터불,담뱃불,부주의,담배꽁초,종이/목재/건초등,178,맑음,21,22,225,4,,일,2017,5,7,21:15,강원,오항,입,기타(직접입력),입산자 실화추정,0.1,"51,062",봄,0.967
770,20170507,12346,63,강원,춘천,북산,조교리,담뱃불,담뱃불/라이터불,담뱃불,부주의,담배꽁초,종이/목재/건초등,93,맑음,20,23,225,4,,일,2017,5,7,22:45,북부,조교,기,기타(직접입력),원인미상(조사중),0.01,"51,062",봄,0.97
770,20170507,12346,63,강원,춘천,북산,조교리,담뱃불,담뱃불/라이터불,담뱃불,부주의,담배꽁초,종이/목재/건초등,93,맑음,20,23,225,4,,일,2017,5,7,21:15,강원,오항,입,기타(직접입력),입산자 실화추정,0.1,"51,062",봄,0.97
0,20170508,11342,11,강원,홍천,홍천,상오안리,담뱃불,담뱃불/라이터불,담뱃불,부주의,담배꽁초,종이/목재/건초등,94,맑음,24,32,225,4,,월,2017,5,8,19:00,북부,상오안,입,기타(직접입력),입산자 실화,0.05,"65,341",봄,0.97
0,20170508,4428,11,강원,홍천,홍천,상오안리,기타,불꽃/불티,비화,부주의,불씨/불꽃/화원방치,종이/목재/건초등,45,맑음,19,51,180,4,,월,2017,5,8,19:00,북부,상오안,입,기타(직접입력),입산자 실화,0.05,"65,341",봄,0.97
0,20170509,4722,7,강원,원주,흥업,흥업리,담뱃불,담뱃불/라이터불,담뱃불,부주의,담배꽁초,종이/목재/건초등,107,흐림,16,30,,,,화,2017,5,9,16:15,강원,흥업,입,기타(직접입력),입산자 실화,0.03,"52,252",봄,0.97
0,20170519,316,31,강원,강릉,왕산,대기리,담뱃불,담뱃불/라이터불,담뱃불,부주의,담배꽁초,종이/목재/건초등,123,맑음,25,35,225,4,건조주의보,금,2017,5,19,14:35,강원,대기,담,담뱃불실화,,0.06,"37,109",봄,0.97
0,20170520,12945,57,강원,양구,동,월운리,담뱃불,담뱃불/라이터불,담뱃불,부주의,담배꽁초,종이/목재/건초등,78,맑음,28,33,225,4,,토,2017,5,20,12:55,강원,월운,입,기타(직접입력),입산자 실화추정,0.1,"19,868",봄,0.97
0,20170520,5511,29,강원,정선,임계,덕암리,담뱃불,담뱃불/라이터불,담뱃불,부주의,담배꽁초,종이/목재/건초등,123,맑음,28,30,225,4,,토,2017,5,20,14:19,동부,덕암,입,기타(직접입력),입산자 실화추정,0.04,"36,723",봄,0.97
0,20170520,4945,45,강원,화천,사내,삼일리,담뱃불,담뱃불/라이터불,담뱃불,부주의,담배꽁초,종이/목재/건초등,17,맑음,29,28,225,4,,토,2017,5,20,16:44,강원,삼일,입,기타(직접입력),입산자 실화추정,0.06,"31,778",봄,0.97
0,20170521,10522,37,강원,인제,상남,상남리,입산자실화,담뱃불/라이터불,담뱃불,부주의,담배꽁초,종이/목재/건초등,95,맑음,25,30,135,4,,일,2017,5,21,17:00,북부,상남,입,기타(직접입력),입산자 실화,0.1,"41,482",봄,0.97
22,20170525,15728,22,강원,춘천,서,방동리,담뱃불,담뱃불/라이터불,담뱃불,부주의,담배꽁초,종이/목재/건초등,73,맑음,29,38,225,8,,목,2017,5,25,15:00,북부,방동,기,기타(직접입력),조사중,0.05,"51,062",봄,0.97
2750,20170526,3827,17,강원,춘천,서,당림리,쓰레기소각장,불꽃/불티,모닥불/연탄/숯,부주의,쓰레기소각,종이/목재/건초등,89,구름조금,20,32,225,4,,금,2017,5,26,12:30,강원,당림,쓰,쓰레기소각,,0.01,"51,062",봄,0.97
0,20170527,10057,50,강원,평창,용평,노동리,쓰레기소각장,불꽃/불티,쓰레기/논밭두렁,부주의,쓰레기소각,종이/목재/건초등,61,맑음,18,50,45,4,,토,2017,5,27,12:25,동부,노동,쓰,쓰레기소각,,0.08,"50,279",봄,0.97
0,20190502,5539,19,강원,춘천,남산,강촌리,담뱃불,담뱃불/라이터불,담뱃불,부주의,담배꽁초,종이/목재/건초등,120,맑음,24,20,315,4,건조주의보,목,2019,5,2,16:25,강원,강촌,입,입산자 실화추정,,0.2,"51,062",봄,0.97
0,20190503,2746,4,강원,춘천,석사,,담뱃불,담뱃불/라이터불,담뱃불,부주의,담배꽁초,종이/목재/건초등,78,맑음,28,18,270,4,,금,2019,5,3,16:01,강원,,입,입산자 실화추정,,0.05,"51,062",봄,0.97
0,20190505,11819,7,강원,춘천,석사,,담뱃불,담뱃불/라이터불,담뱃불,부주의,담배꽁초,종이/목재/건초등,78,구름조금,13,78,315,4,건조주의보,일,2019,5,5,4:45,강원,,입,입산자 실화추정,,0.05,"51,062",봄,0.97
0,20190505,22225,34,강원,횡성,둔내,삽교리,입산자실화,미상,미상,부주의,부주의,종이/목재/건초등,49,구름조금,21,50,0,4,건조주의보,일,2019,5,5,12:30,강원,삽교,입,입산자 실화,,0.15,"44,302",봄,0.97
0,20190505,231403,16,강원,인제,남,소치리,기타,불꽃/불티,불꽃/불티,부주의,불씨/불꽃/화원방치,종이/목재/건초등,457,맑음,27,17,225,4,,일,2019,5,5,22:00,북부,소치,기,숯불 재 투기,,5.2,"41,482",봄,0.97
0,20190506,15936,15,강원,홍천,화촌,군업리,담뱃불,담뱃불/라이터불,담뱃불,부주의,담배꽁초,종이/목재/건초등,70,맑음,20,10,45,4,풍랑주의보,월,2019,5,6,14:58,강원,군업,입,입산자 실화추정,,0.02,"65,341",봄,0.97
0,20190506,12335,15,강원,홍천,화촌,군업리,기타,불꽃/불티,불꽃/불티,기타,기타,종이/목재/건초등,82,맑음,16,17,225,4,풍랑주의보,월,2019,5,6,14:58,강원,군업,입,입산자 실화추정,,0.02,"65,341",봄,0.97
6600,20190506,11450,9,강원,원주,소초,흥양리,담뱃불,담뱃불/라이터불,담뱃불,부주의,담배꽁초,종이/목재/건초등,56,맑음,15,34,315,4,,월,2019,5,6,19:20,강원,흥양,입,입산자 실화,,0.1,"52,252",봄,0.97
0,20190507,15355,60,강원,춘천,동,품걸리,담뱃불,담뱃불/라이터불,담뱃불,부주의,담배꽁초,종이/목재/건초등,76,맑음,20,21,135,4,건조주의보,화,2019,5,7,18:00,북부,품걸,입,입산자 실화추정,,2,"51,062",봄,0.97
0,20190507,13751,31,강원,홍천,서석,풍암리,축사/비닐하우스,불꽃/불티,용접/절단/연마,부주의,용접/절단/연마,종이/목재/건초등,202,맑음,21,19,270,,,화,2019,5,7,18:30,강원,풍암,기,용접불씨,,1.9,"65,341",봄,0.97
0,20190510,13107,11,강원,고성,죽왕,구성리,미상,미상,미상,미상,미상,미상,329,맑음,25,29,135,4,,금,2019,5,10,12:00,동부,구성,기,원인미상,,0.54,"18,473",봄,0.97
0,20190511,11308,36,강원,정선,신동,방제리,입산자실화,미상,미상,미상,미상,종이/목재/건초등,102,맑음,23,21,225,4,건조경보,토,2019,5,11,16:20,강원,방제,입,입산자 실화,,0.1,"36,723",봄,0.97
0,20190511,12711,37,강원,홍천,서,두미리,건물,불꽃/불티,굴뚝아궁이,부주의,음식물조리중,종이/목재/건초등,120,구름조금,26,24,90,,,토,2019,5,11,19:20,강원,두미,입,취사행위,,0.28,"65,341",봄,0.97
0,20190512,5724,34,강원,정선,신동,가사리,담뱃불,담뱃불/라이터불,담뱃불,부주의,담배꽁초,종이/목재/건초등,162,맑음,24,28,225,4,건조주의보,일,2019,5,12,12:50,동부,가사,기,원인미상,,0.1,"36,723",봄,0.97
0,20190516,11329,56,강원,평창,대관령,유천리,담뱃불,담뱃불/라이터불,담뱃불,부주의,담배꽁초,종이/목재/건초등,56,맑음,23,46,90,4,,목,2019,5,16,17:30,동부,유천,기,원인미상,,0.02,"50,279",봄,0.97
330,20190519,2515,13,강원,강릉,강동,하시동리,담뱃불,담뱃불/라이터불,담뱃불,부주의,담배꽁초,종이/목재/건초등,46,맑음,22,63,315,8,,일,2019,5,19,14:51,강원,하시동,입,입산자 실화,,0.01,"37,109",봄,0.97
0,20190523,5903,34,강원,정선,임계,문래리,담뱃불,담뱃불/라이터불,담뱃불,부주의,담배꽁초,종이/목재/건초등,123,맑음,26,20,225,12,,목,2019,5,23,14:38,강원,문래,입,입산자 실화,,0.1,"36,723",봄,0.97
0,20190524,13411,6,강원,영월,영월,정양리,담뱃불,담뱃불/라이터불,담뱃불,부주의,담배꽁초,종이/목재/건초등,50,맑음,31,28,270,4,,금,2019,5,24,14:30,강원,정양,입,입산자 실화추정,,0.1,"34,137",봄,0.97
0,20200501,13935,18,강원,춘천,동,상걸리,입산자실화,불꽃/불티,불꽃/불티,부주의,부주의,종이/목재/건초등,77,맑음,27,45,225,4,,금,2020,5,1,16:30,북부,상걸,입,기타(직접입력),입산자실화,0.2,"51,062",봄,0.97
0,20200501,50423,14,강원,홍천,동,노천리,담뱃불,담뱃불/라이터불,담뱃불,부주의,담배꽁초,종이/목재/건초등,112,맑음,28,37,225,4,,금,2020,5,1,18:00,강원,노천,입,기타(직접입력),입산자실화,0.01,"65,341",봄,0.97
0,20200506,14122,18,강원,철원,철원,율이리,기타,불꽃/불티,용접/절단/연마,부주의,용접/절단/연마,종이/목재/건초등,71,맑음,21,42,135,4,,수,2020,5,6,13:20,강원,율이,기,기타(직접입력),그라인더 절단작업,0.06,"37,983",봄,0.97
0,20200508,3017,9,강원,홍천,홍천,상오안리,담뱃불,담뱃불/라이터불,담뱃불,부주의,담배꽁초,종이/목재/건초등,22,맑음,27,11,270,,,금,2020,5,8,16:30,북부,상오안,입,기타(직접입력),입산자실화,0.03,"65,341",봄,0.97
0,20210506,3832,28,강원,인제,서화,심적리,담뱃불,담뱃불/라이터불,담뱃불,부주의,담배꽁초,종이/목재/건초등,81,맑음,18,36,225,12,,목,2021,5,6,18:30,북부,심적,입,기타(직접입력),입산자실화,0.2,"41,482",봄,0.97
0,20210506,3832,27,강원,인제,서화,심적리,담뱃불,담뱃불/라이터불,담뱃불,부주의,담배꽁초,종이/목재/건초등,81,맑음,18,36,225,12,,목,2021,5,6,18:30,북부,심적,입,기타(직접입력),입산자실화,0.2,"41,482",봄,0.97
0,20210506,11649,26,강원,삼척,원덕,갈남리,미상,미상,미상,미상,미상,종이/목재/건초등,110,맑음,16,54,225,4,,목,2021,5,7,1:00,동부,갈남,기,기타(직접입력),원인미상,0.01,"40,191",봄,0.97
0,20210506,11649,26,강원,삼척,원덕,갈남리,미상,미상,미상,미상,미상,종이/목재/건초등,110,맑음,15,54,225,4,,목,2021,5,7,1:00,동부,갈남,기,기타(직접입력),원인미상,0.01,"40,191",봄,0.97
101,20210507,20940,39,강원,삼척,도계,황조리,담뱃불,담뱃불/라이터불,담뱃불,부주의,담배꽁초,종이/목재/건초등,248,맑음,17,46,225,,풍랑주의보,금,2021,5,7,13:30,강원,황조,입,기타(직접입력),입산자실화,1.23,"40,191",봄,0.97
101,20210507,20940,39,강원,삼척,도계,황조리,담뱃불,담뱃불/라이터불,담뱃불,부주의,담배꽁초,종이/목재/건초등,248,맑음,17,46,225,18,풍랑주의보,금,2021,5,7,13:30,강원,황조,입,기타(직접입력),입산자실화,1.23,"40,191",봄,0.97
0,20210508,12506,38,강원,횡성,안흥,상안리,담뱃불,담뱃불/라이터불,담뱃불,부주의,담배꽁초,종이/목재/건초등,95,맑음,15,59,225,4,풍랑주의보,토,2021,5,8,16:00,북부,상안,입,기타(직접입력),입산자실화,0.01,"44,302",봄,0.97
0,20210508,12506,37,강원,횡성,안흥,상안리,담뱃불,담뱃불/라이터불,담뱃불,부주의,담배꽁초,종이/목재/건초등,95,맑음,14,59,225,4,풍랑주의보,토,2021,5,8,16:00,북부,상안,입,기타(직접입력),입산자실화,0.01,"44,302",봄,0.97
0,20210509,2715,22,강원,홍천,남,시동리,기타,담뱃불/라이터불,담뱃불/라이터불,부주의,불장난,종이/목재/건초등,81,맑음,21,24,315,4,,일,2021,5,9,14:30,강원,시동,기,어린이불장난,,0.2,"65,341",봄,0.97
0,20210509,2715,21,강원,홍천,남,시동리,기타,담뱃불/라이터불,담뱃불/라이터불,부주의,불장난,종이/목재/건초등,81,맑음,21,24,315,4,,일,2021,5,9,14:30,강원,시동,기,어린이불장난,,0.2,"65,341",봄,0.97
0,20210509,2915,16,강원,철원,철원,율이리,담뱃불,담뱃불/라이터불,담뱃불,부주의,담배꽁초,종이/목재/건초등,60,맑음,20,26,315,8,,일,2021,5,9,19:10,강원,화지,기,어린이불장난,,0.01,"37,983",봄,0.97
0,20210509,2915,16,강원,철원,철원,율이리,담뱃불,담뱃불/라이터불,담뱃불,부주의,담배꽁초,종이/목재/건초등,60,맑음,20,26,315,8,,일,2021,5,9,14:50,강원,율이,기,기타(직접입력),원인미상,0.03,"37,983",봄,0.97
0,20210509,4529,12,강원,철원,철원,화지리,입산자실화,담뱃불/라이터불,라이터불/성냥불,부주의,불장난,종이/목재/건초등,67,맑음,19,22,270,8,,일,2021,5,9,19:10,강원,화지,기,어린이불장난,,0.01,"37,983",봄,0.97
0,20210509,4529,12,강원,철원,철원,화지리,입산자실화,담뱃불/라이터불,라이터불/성냥불,부주의,불장난,종이/목재/건초등,67,맑음,19,22,270,8,,일,2021,5,9,14:50,강원,율이,기,기타(직접입력),원인미상,0.03,"37,983",봄,0.97
0,20210509,2915,16,강원,철원,철원,율이리,담뱃불,담뱃불/라이터불,담뱃불,부주의,담배꽁초,종이/목재/건초등,60,맑음,19,26,315,8,,일,2021,5,9,19:10,강원,화지,기,어린이불장난,,0.01,"37,983",봄,0.97
0,20210509,2915,16,강원,철원,철원,율이리,담뱃불,담뱃불/라이터불,담뱃불,부주의,담배꽁초,종이/목재/건초등,60,맑음,19,26,315,8,,일,2021,5,9,14:50,강원,율이,기,기타(직접입력),원인미상,0.03,"37,983",봄,0.97
0,20210509,4529,12,강원,철원,철원,화지리,입산자실화,담뱃불/라이터불,라이터불/성냥불,부주의,불장난,종이/목재/건초등,67,맑음,18,22,270,8,,일,2021,5,9,19:10,강원,화지,기,어린이불장난,,0.01,"37,983",봄,0.97
0,20210509,4529,12,강원,철원,철원,화지리,입산자실화,담뱃불/라이터불,라이터불/성냥불,부주의,불장난,종이/목재/건초등,67,맑음,18,22,270,8,,일,2021,5,9,14:50,강원,율이,기,기타(직접입력),원인미상,0.03,"37,983",봄,0.97
0,20210514,15226,26,강원,횡성,안흥,상안리,건물,작동기기,전기적아크,전기적요인,절연열화에의한단락,종이/목재/건초등,131,맑음,24,58,0,4,,금,2021,5,14,14:00,강원,상안,기,기타(직접입력),전기누전,0.1,"44,302",봄,0.97
0,20210514,15226,26,강원,횡성,안흥,상안리,건물,작동기기,전기적아크,전기적요인,절연열화에의한단락,종이/목재/건초등,131,맑음,24,58,0,4,,금,2021,5,14,14:00,강원,상안,기,기타(직접입력),전기누전,0.1,"44,302",봄,0.97
82,20120614,12900,5,강원,춘천,동,장학리,담뱃불,담뱃불/라이터불,담뱃불,부주의,담배꽁초,종이/목재/건초등,196,구름많음,19,68,270,4,,목,2012,6,15,3:00,강원,장학,입,입산자실화,,0.05,"53,207",여름,0.97
1445,20120619,2700,30,강원,춘천,남,박암리,담뱃불,담뱃불/라이터불,담뱃불,부주의,담배꽁초,종이/목재/건초등,181,맑음,29,37,45,4,,화,2012,6,19,15:30,강원,박암,입,입산자실화,,0.1,"53,207",여름,0.97
710,20120621,51640,17,강원,홍천,북방,부사원리,담뱃불,담뱃불/라이터불,담뱃불,부주의,담배꽁초,종이/목재/건초등,55,맑음,20,82,90,4,,목,2012,6,21,19:20,강원,부사원,입,입산자실화,,0.08,"66,533",여름,0.97
0,20120622,21533,15,강원,횡성,서원,유현리,기타,담뱃불/라이터불,담뱃불,부주의,담배꽁초,종이/목재/건초등,95,구름많음,27,57,225,4,,금,2012,6,22,16:30,강원,유현리,기,작업장실화,,0.7,"44,631",여름,0.97
0,20120629,20849,30,강원,원주,부론,노림리,담뱃불,담뱃불/라이터불,담뱃불,부주의,담배꽁초,종이/목재/건초등,98,맑음,23,50,180,4,,금,2012,6,29,9:35,강원,노림,입,입산자실화,,0.2,"52,641",여름,0.97
0,20130607,11500,5,강원,춘천,동,만천리,미상,미상,미상,미상,미상,종이/목재/건초등,18,구름많음,19,88,45,4,,금,2013,6,7,16:30,강원,만천,입,기타(직접입력),입산자실화 추정,0.02,"53,207",여름,0.97
23,20130611,23000,51,강원,양구,남,청리,미상,미상,미상,미상,미상,기타,249,흐림,17,88,0,4,,화,2013,6,11,19:20,강원,청,입,입산자실화,,0.01,"19,961",여름,0.97
0,20140601,4554,27,강원,횡성,갑천,상대리,쓰레기소각장,불꽃/불티,쓰레기/논밭두렁,부주의,쓰레기소각,종이/목재/건초등,84,구름많음,22,98,0,,,일,2014,6,2,1:50,강원,상대,쓰,쓰레기소각,,0.1,"44,631",여름,0.97
110,20140610,4514,8,강원,원주,흥업,매지리,담뱃불,자연적발화열,낙뢰,자연적인요인,기타(자연적인요인),종이/목재/건초등,52,맑음,23,68,45,4,,화,2014,6,10,20:00,북부,매지,기,낙뢰,,0.01,"52,641",여름,0.97
102,20140615,15000,18,강원,인제,인제,가아리,기타,불꽃/불티,용접/절단/연마,부주의,용접/절단/연마,종이/목재/건초등,124,맑음,28,20,45,4,,일,2014,6,15,17:20,강원,가아,기,작업장실화,,0.05,"41,921",여름,0.97
7920,20140619,10600,20,강원,인제,남,남전리,쓰레기소각장,불꽃/불티,쓰레기/논밭두렁,부주의,쓰레기소각,종이/목재/건초등,84,비,23,72,225,4,,목,2014,6,19,18:00,북부,남전,쓰,쓰레기소각,,0.19,"41,921",여름,0.97
0,20150602,3700,24,강원,춘천,남산,백양리,담뱃불,담뱃불/라이터불,담뱃불,부주의,담배꽁초,종이/목재/건초등,79,맑음,22,49,135,4,,화,2015,6,2,18:00,강원,백양,기,원인미상,,0.09,"51,062",여름,0.97
35930,20150603,44100,40,강원,춘천,남,가정리,논/밭두렁,담뱃불/라이터불,라이터불/성냥불,부주의,쓰레기소각,종이/목재/건초등,237,맑음,26,24,270,8,,수,2015,6,3,19:00,강원,가정,기,농산폐기물 소각,,1,"51,062",여름,0.97
5898,20150604,30847,32,강원,홍천,두촌,원동리,기타,불꽃/불티,모닥불/연탄/숯,부주의,불씨/불꽃/화원방치,종이/목재/건초등,168,맑음,0,0,,,,목,2015,6,4,10:26,강원,원동,기,원인미상,,2,"65,341",여름,0.97
3850,20150604,31917,7,강원,철원,갈말,문혜리,쓰레기소각장,담뱃불/라이터불,라이터불/성냥불,부주의,쓰레기소각,종이/목재/건초등,124,맑음,29,11,270,4,,목,2015,6,4,15:00,강원,문혜,쓰,쓰레기 소각,,1,"37,983",여름,0.97
429,20150604,22300,32,강원,강릉,왕산,송현리,미상,미상,미상,미상,미상,미상,131,구름조금,25,19,0,4,건조주의보,목,2015,6,4,18:50,동부,송현,기,원인미상,,0.4,"37,109",여름,0.97
0,20150604,2650,7,강원,고성,간성,탑동리,미상,미상,미상,미상,미상,종이/목재/건초등,89,맑음,18,65,270,4,건조주의보,목,2015,6,5,1:40,강원,탑동,기,군사훈련(야간)추정,,0.06,"18,473",여름,0.97
0,20150607,5000,41,강원,화천,화천,풍산리,입산자실화,담뱃불/라이터불,담뱃불,부주의,부주의,종이/목재/건초등,82,구름조금,24,0,135,4,,일,2015,6,7,14:30,북부,풍산,기,원인미상,,0.01,"31,778",여름,0.976
0,20150609,3800,26,강원,인제,북,용대리,담뱃불,담뱃불/라이터불,담뱃불,부주의,담배꽁초,종이/목재/건초등,66,구름조금,29,0,225,,,화,2015,6,9,17:39,강원,용대,기,원인미상,,0.01,"41,482",여름,0.976
0,20150610,34015,27,강원,횡성,서원,유현리,군경사격장,불꽃/불티,비화,부주의,불씨/불꽃/화원방치,종이/목재/건초등,144,맑음,32,31,270,4,,수,2015,6,10,22:00,북부,유현,입,입산자실화 추정,,1.9,"44,302",여름,0.976
0,20150610,61800,27,강원,인제,북,원통리,미상,담뱃불/라이터불,담뱃불,부주의,담배꽁초,종이/목재/건초등,165,맑음,33,0,270,4,,수,2015,6,10,19:50,강원,용대,입,입산자실화 추정,,0.25,"41,482",여름,0.976
1522,20150610,11900,12,강원,정선,북평,남평리,논/밭두렁,불꽃/불티,비화,부주의,논/임야태우기,종이/목재/건초등,113,맑음,33,16,315,4,,수,2015,6,10,18:20,강원,남평,기,농산부산물 소각,,0.4,"36,723",여름,0.976
0,20150611,13159,25,강원,홍천,화촌,야시대리,담뱃불,담뱃불/라이터불,담뱃불,부주의,담배꽁초,종이/목재/건초등,95,구름조금,32,19,225,4,,목,2015,6,11,20:00,북부,야시대,입,입산자실화 추정,,0.5,"65,341",여름,0.976
0,20150612,11100,10,강원,인제,남,부평리,담뱃불,담뱃불/라이터불,담뱃불,부주의,담배꽁초,종이/목재/건초등,74,구름조금,26,49,180,4,,금,2015,6,12,15:25,강원,부평,입,입산자실화 추정,,0.1,"41,482",여름,0.976
0,20150612,14500,10,강원,인제,남,부평리,기타,기타,기타,기타,기타,종이/목재/건초등,80,흐림,18,77,45,4,,금,2015,6,12,15:25,강원,부평,입,입산자실화 추정,,0.1,"41,482",여름,0.976
0,20150616,13000,25,강원,화천,간동,용호리,입산자실화,미상,미상,부주의,부주의,미상,115,구름조금,30,0,270,4,,화,2015,6,16,15:10,강원,용호,입,입산자실화 추정,,0.02,"31,778",여름,0.976
0,20150617,13700,43,강원,춘천,북산,조교리,입산자실화,불꽃/불티,불꽃/불티,부주의,부주의,종이/목재/건초등,51,맑음,30,43,180,4,,수,2015,6,17,17:30,강원,조교,입,입산자실화 추정,,0.05,"51,062",여름,0.976
0,20150622,4400,13,강원,홍천,화촌,내삼포리,담뱃불,담뱃불/라이터불,담뱃불,부주의,담배꽁초,종이/목재/건초등,55,맑음,31,30,270,4,,월,2015,6,22,17:30,북부,내삼포,기,낙뢰,,0.1,"65,341",여름,0.976
0,20160603,10624,19,강원,인제,남,,입산자실화,미상,미상,미상,미상,종이/목재/건초등,138,맑음,26,27,180,8,,금,2016,6,3,12:40,강원,어론,입,기타(직접입력),입산자 실화추정,0.1,"41,482",여름,0.976
0,20160604,14900,23,강원,화천,하남,,담뱃불,담뱃불/라이터불,담뱃불,부주의,담배꽁초,종이/목재/건초등,28,맑음,0,0,,,,토,2016,6,4,13:00,강원,거례,입,기타(직접입력),입산자 실화추정,0.01,"31,778",여름,0.976
0,20160606,5642,25,강원,강릉,연곡,,논/밭두렁,불꽃/불티,쓰레기/논밭두렁,부주의,쓰레기소각,종이/목재/건초등,89,맑음,21,67,45,4,,월,2016,6,6,15:30,강원,유등,기,농산폐기물소각,,0.1,"37,109",여름,0.976
0,20160606,22734,10,강원,인제,남,,담뱃불,담뱃불/라이터불,담뱃불,부주의,담배꽁초,종이/목재/건초등,51,구름많음,27,32,225,4,,월,2016,6,6,17:00,북부,부평,입,기타(직접입력),입산자 실화추정,0.01,"41,482",여름,0.976
0,20160610,10509,30,강원,홍천,내촌,,쓰레기소각장,불꽃/불티,쓰레기/논밭두렁,부주의,쓰레기소각,종이/목재/건초등,72,맑음,32,12,270,4,,금,2016,6,10,14:35,강원,도관,쓰,쓰레기소각,,0.1,"65,341",여름,0.976
0,20160610,4327,32,강원,정선,신동,,논/밭두렁,불꽃/불티,쓰레기/논밭두렁,부주의,논/임야태우기,종이/목재/건초등,38,맑음,30,29,315,4,,금,2016,6,10,14:30,강원,덕천,기,농산폐기물소각,,0.2,"36,723",여름,0.976
0,20160617,4336,16,강원,춘천,서,,담뱃불,담뱃불/라이터불,담뱃불,부주의,담배꽁초,종이/목재/건초등,59,맑음,28,49,180,4,,금,2016,6,17,14:40,강원,덕두원,입,기타(직접입력),입산자 실화추정,0.01,"51,062",여름,0.976
0,20160620,12213,10,강원,원주,흥업,,담뱃불,담뱃불/라이터불,담뱃불,부주의,담배꽁초,종이/목재/건초등,58,맑음,29,36,270,4,,월,2016,6,20,17:21,강원,대안,입,등산객실화,,0.05,"52,252",여름,0.976
4332,20160629,3357,36,강원,횡성,서원,,담뱃불,담뱃불/라이터불,담뱃불,부주의,담배꽁초,종이/목재/건초등,55,맑음,30,52,225,4,,수,2016,6,29,16:30,강원,석화,기,기타(직접입력),원인미상,0.3,"44,302",여름,0.976
0,20170601,22852,24,강원,원주,문막,포진리,담뱃불,담뱃불/라이터불,담뱃불,부주의,담배꽁초,종이/목재/건초등,66,구름조금,20,20,315,4,,목,2017,6,1,3:05,강원,포진,담,담뱃불실화,,0.3,"52,252",여름,0.976
0,20170602,4306,30,강원,강릉,옥계,북동리,담뱃불,담뱃불/라이터불,담뱃불,부주의,담배꽁초,종이/목재/건초등,146,구름조금,19,57,90,8,,금,2017,6,2,16:00,강원,북동,입,기타(직접입력),입산자 실화,0.06,"37,109",여름,0.976
0,20170603,62107,18,강원,춘천,동,상걸리,담뱃불,담뱃불/라이터불,담뱃불,부주의,담배꽁초,종이/목재/건초등,113,맑음,15,47,0,4,,토,2017,6,3,17:00,북부,상견,기,기타(직접입력),조사중,0.2,"51,062",여름,0.976
0,20170604,25310,10,강원,인제,인제,고사리,기타,불꽃/불티,쓰레기/논밭두렁,부주의,쓰레기소각,종이/목재/건초등,88,맑음,22,27,180,4,,일,2017,6,4,16:00,북부,고사,입,등산객실화,,0.3,"41,482",여름,0.976
0,20170604,22124,40,강원,화천,사내,용담리,기타,담뱃불/라이터불,담뱃불,부주의,담배꽁초,종이/목재/건초등,54,맑음,24,30,0,4,,일,2017,6,4,13:45,강원,용담,입,등산객실화,,0.1,"31,778",여름,0.976
492,20170604,14326,17,강원,철원,근남,잠곡리,담뱃불,담뱃불/라이터불,담뱃불,부주의,담배꽁초,종이/목재/건초등,70,맑음,24,19,315,4,,일,2017,6,4,14:08,북부,잠곡,담,담뱃불실화,,0.01,"37,983",여름,0.976
0,20170619,1020,46,강원,강릉,왕산,대기리,담뱃불,담뱃불/라이터불,담뱃불,부주의,담배꽁초,종이/목재/건초등,73,구름조금,29,35,225,4,,월,2017,6,19,13:00,강원,대기,입,기타(직접입력),입산자 실화,0.01,"37,109",여름,0.976
0,20170619,15802,36,강원,홍천,서석,수하리,논/밭두렁,불꽃/불티,쓰레기/논밭두렁,부주의,쓰레기소각,종이/목재/건초등,108,구름조금,20,72,45,4,,월,2017,6,20,0:00,강원,수하,쓰,쓰레기소각,,0.24,"65,341",여름,0.976
0,20170621,13658,3,강원,철원,갈말,문혜리,담뱃불,담뱃불/라이터불,담뱃불,부주의,담배꽁초,종이/목재/건초등,68,맑음,29,33,225,4,,수,2017,6,21,16:10,강원,문혜,입,기타(직접입력),입산자 실화,0.01,"37,983",여름,0.976
289,20170622,4614,12,강원,양양,서,내현리,담뱃불,담뱃불/라이터불,담뱃불,부주의,담배꽁초,종이/목재/건초등,119,구름조금,27,53,0,4,,목,2017,6,22,18:00,강원,내현,입,기타(직접입력),입산자 실화(조사중),0.02,"16,034",여름,0.976
0,20170623,11917,25,강원,횡성,갑천,병지방리,입산자실화,미상,미상,부주의,부주의,종이/목재/건초등,57,구름조금,32,34,270,4,,금,2017,6,23,18:00,북부,병지방,입,기타(직접입력),입산자 실화,0.01,"44,302",여름,0.976
0,20180622,14306,60,강원,양구,남,원리,담뱃불,담뱃불/라이터불,담뱃불,부주의,담배꽁초,종이/목재/건초등,109,맑음,32,10,180,4,,금,2018,6,22,19:30,북부,원,입,기타(직접입력),입산자 실화,0.05,"19,868",여름,0.976
0,20180622,254,23,강원,인제,남,관대리,입산자실화,담뱃불/라이터불,담뱃불/라이터불,부주의,부주의,종이/목재/건초등,42,구름조금,21,61,225,4,,금,2018,6,23,23:30,북부,관대,입,기타(직접입력),입산자 실화,0.54,"41,482",여름,0.976
64,20180623,24112,27,강원,춘천,북산,추곡리,담뱃불,담뱃불/라이터불,담뱃불,부주의,담배꽁초,종이/목재/건초등,61,맑음,29,41,225,4,,토,2018,6,23,20:00,북부,추곡,입,기타(직접입력),입산자 실화,0.01,"51,062",여름,0.976
0,20180624,33029,8,강원,홍천,북방,화동리,담뱃불,담뱃불/라이터불,담뱃불,부주의,담배꽁초,종이/목재/건초등,138,맑음,33,30,225,4,,일,2018,6,24,20:00,강원,화동,입,기타(직접입력),입산자 실화,1,"65,341",여름,0.976
0,20180624,10102,26,강원,홍천,내촌,화상대리,미상,미상,미상,미상,미상,종이/목재/건초등,79,맑음,31,35,225,4,,일,2018,6,24,20:00,북부,화상대,입,기타(직접입력),입산자 실화,0.15,"65,341",여름,0.976
2307,20190604,20224,19,강원,정선,화암,화암리,담뱃불,미상,미상,미상,미상,종이/목재/건초등,171,맑음,29,21,180,4,,화,2019,6,4,15:26,강원,화암,입,입산자 실화추정,,0.2,"36,723",여름,0.976
0,20200608,21904,59,강원,춘천,동,품걸리,미상,미상,미상,미상,미상,종이/목재/건초등,49,맑음,32,45,270,4,,월,2020,6,8,19:15,북부,품걸,입,기타(직접입력),입산자실화 추정,0.1,"51,062",여름,0.976
0,20200613,23157,8,강원,춘천,동,월곡리,입산자실화,미상,미상,미상,미상,미상,87,맑음,34,25,270,4,,토,2020,6,13,18:00,북부,원곡,입,기타(직접입력),입산자실화,0.4,"51,062",여름,0.976
0,20200623,10836,10,강원,홍천,동,속초리,미상,미상,미상,미상,미상,미상,133,맑음,28,59,270,4,,화,2020,6,23,13:30,북부,속초,입,기타(직접입력),입산자실화 추정,0.15,"65,341",여름,0.976
223,20210607,12539,22,강원,강릉,주문진,향호리,논/밭두렁,불꽃/불티,쓰레기/논밭두렁,부주의,쓰레기소각,종이/목재/건초등,50,맑음,25,62,225,4,,월,2021,6,7,17:00,강원,향호,쓰,쓰레기소각,,0.01,"37,109",여름,0.976
223,20210607,12539,22,강원,강릉,주문진,향호리,논/밭두렁,불꽃/불티,쓰레기/논밭두렁,부주의,쓰레기소각,종이/목재/건초등,50,맑음,25,62,225,4,,월,2021,6,7,16:00,강원,향호,기,기타(직접입력),원인미상,0.01,"37,109",여름,0.976
223,20210607,12539,21,강원,강릉,주문진,향호리,논/밭두렁,불꽃/불티,쓰레기/논밭두렁,부주의,쓰레기소각,종이/목재/건초등,50,맑음,25,62,225,4,,월,2021,6,7,17:00,강원,향호,쓰,쓰레기소각,,0.01,"37,109",여름,0.976
223,20210607,12539,21,강원,강릉,주문진,향호리,논/밭두렁,불꽃/불티,쓰레기/논밭두렁,부주의,쓰레기소각,종이/목재/건초등,50,맑음,25,62,225,4,,월,2021,6,7,16:00,강원,향호,기,기타(직접입력),원인미상,0.01,"37,109",여름,0.976
0,20210608,12515,26,강원,홍천,내촌,화상대리,기타,자연적발화열,낙뢰,자연적인요인,자연적재해,종이/목재/건초등,48,맑음,19,78,45,4,,화,2021,6,8,17:00,강원,화상대,기,낙뢰,,0.04,"65,341",여름,0.976
0,20210608,12515,26,강원,홍천,내촌,화상대리,기타,자연적발화열,낙뢰,자연적인요인,자연적재해,종이/목재/건초등,48,맑음,18,78,45,4,,화,2021,6,8,17:00,강원,화상대,기,낙뢰,,0.04,"65,341",여름,0.976
64,20180729,51925,34,강원,춘천,남,가정리,입산자실화,미상,미상,미상,미상,미상,65,맑음,34,45,45,4,,일,2018,7,29,19:00,강원,가정,기,작업장실화,,0.86,"51,062",여름,0.976
0,20180731,22401,40,강원,원주,부론,정산리,담뱃불,담뱃불/라이터불,담뱃불,부주의,담배꽁초,종이/목재/건초등,65,맑음,36,36,0,4,,화,2018,7,31,17:21,강원,정산,기,작업장실화,,0.2,"52,252",여름,0.976
132,20190707,4951,28,강원,횡성,청일,갑천리,미상,미상,미상,미상,미상,기타,67,맑음,27,41,135,,,일,2019,7,7,17:10,강원,갑천,건,화장실 화재,,0.07,"44,302",여름,0.976
0,20190708,10239,30,강원,원주,신림,성남리,미상,담뱃불/라이터불,담뱃불,부주의,담배꽁초,종이/목재/건초등,73,맑음,21,0,180,4,,월,2019,7,8,12:45,강원,성산,기,원인미상,,0.1,"52,252",여름,0.976
0,20190709,3957,28,강원,원주,귀래,용암리,담뱃불,담뱃불/라이터불,담뱃불,부주의,담배꽁초,종이/목재/건초등,38,맑음,19,62,135,4,,화,2019,7,9,16:00,강원,용암,담,담뱃불 실화 추정,,0.01,"52,252",여름,0.976
0,20190709,10508,28,강원,원주,귀래,용암리,기타,불꽃/불티,모닥불/연탄/숯,기타,기타,종이/목재/건초등,56,맑음,14,94,135,4,,화,2019,7,9,16:00,강원,용암,담,담뱃불 실화 추정,,0.01,"52,252",여름,0.976
1969,20190709,12107,10,강원,영월,남,창원리,기타,담뱃불/라이터불,라이터불/성냥불,부주의,부주의,종이/목재/건초등,84,맑음,23,52,90,4,,화,2019,7,9,21:10,강원,창원,기,농산폐기물 소각,,0.6,"34,137",여름,0.976
0,20130811,14300,64,강원,삼척,가곡,풍곡리,담뱃불,담뱃불/라이터불,담뱃불,부주의,담배꽁초,종이/목재/건초등,15,맑음,29,33,135,4,,일,2013,8,12,8:38,동부,풍곡,기,기타(직접입력),낙뢰추정,0.5,"40,519",여름,0.976
136,20160818,20428,24,강원,횡성,서원,,담뱃불,담뱃불/라이터불,담뱃불,부주의,담배꽁초,종이/목재/건초등,76,맑음,24,25,180,4,,목,2016,8,18,18:46,북부,옥계,입,등산객실화,,0.04,"44,302",여름,0.976
0,20160823,10619,30,강원,원주,귀래,,미상,담뱃불/라이터불,담뱃불,부주의,담배꽁초,종이/목재/건초등,34,맑음,33,20,,,,화,2016,8,23,18:44,강원,귀래,기,기타(직접입력),조사중,0.03,"52,252",여름,0.976
1,20180801,61457,36,강원,춘천,동,품걸리,담뱃불,불꽃/불티,불꽃/불티,부주의,불씨/불꽃/화원방치,종이/목재/건초등,94,맑음,35,66,45,4,,수,2018,8,1,13:00,북부,품걸,기,기타(직접입력),조명탄 발화(조사중),0.1,"51,062",여름,0.976
0,20180803,42355,18,강원,횡성,우천,정금리,담뱃불,담뱃불/라이터불,담뱃불,부주의,담배꽁초,종이/목재/건초등,107,맑음,37,59,270,4,,금,2018,8,3,13:10,강원,정금,입,기타(직접입력),입산자 실화추정,1.04,"44,302",여름,0.976
0,20180805,3708,10,강원,홍천,동,월운리,담뱃불,담뱃불/라이터불,담뱃불,부주의,담배꽁초,종이/목재/건초등,59,맑음,35,48,270,4,,일,2018,8,5,18:10,강원,월운,입,기타(직접입력),입산자 실화,0.03,"65,341",여름,0.976
0,20180805,11212,30,강원,강릉,왕산,고단리,담뱃불,담뱃불/라이터불,담뱃불,부주의,담배꽁초,종이/목재/건초등,131,구름조금,27,71,0,4,,일,2018,8,5,19:33,강원,고단,입,기타(직접입력),입산자 실화추정,0.02,"37,109",여름,0.976
0,20180815,40729,26,강원,횡성,안흥,상안리,입산자실화,담뱃불/라이터불,담뱃불/라이터불,부주의,부주의,종이/목재/건초등,106,맑음,32,79,90,4,,수,2018,8,15,14:00,강원,상안,입,기타(직접입력),입산자 실화,0.25,"44,302",여름,0.976
64,20180817,63115,10,강원,춘천,동,월곡리,입산자실화,미상,미상,부주의,부주의,종이/목재/건초등,232,맑음,29,34,135,4,,금,2018,8,17,18:20,강원,월곡,입,기타(직접입력),입산자 실화추정,9.4,"51,062",여름,1
0,20190823,11830,33,강원,횡성,서원,석화리,입산자실화,담뱃불/라이터불,라이터불/성냥불,부주의,불씨/불꽃/화원방치,종이/목재/건초등,106,맑음,27,60,180,4,,금,2019,8,23,14:15,강원,석화,기,작업장실화,,0.22,"44,302",여름,1
0,20140920,40800,48,강원,화천,화천,동촌리,미상,담뱃불/라이터불,담뱃불,부주의,담배꽁초,종이/목재/건초등,122,맑음,25,0,135,4,,토,2014,9,20,18:40,강원,동촌,입,기타(직접입력),입산자실화 추정,0.25,"31,898",가을,1
0,20150925,11833,28,강원,횡성,강림,강림리,성묘객,담뱃불/라이터불,담뱃불,부주의,담배꽁초,종이/목재/건초등,99,구름조금,22,61,45,4,,금,2015,9,25,15:48,강원,강림,기,성묘객 실화추정,,0.03,"44,302",가을,1
0,20150927,4819,25,강원,춘천,사북,원평리,담뱃불,담뱃불/라이터불,담뱃불,부주의,담배꽁초,종이/목재/건초등,55,맑음,22,50,270,4,,공,2015,9,27,14:10,강원,원평,입,입산자 실화추정,,0.01,"51,062",가을,1
0,20150929,13302,25,강원,원주,문막,비두리,담뱃불,담뱃불/라이터불,담뱃불,부주의,담배꽁초,종이/목재/건초등,26,구름조금,28,39,45,8,,공,2015,9,29,16:50,강원,비두,입,입산자 실화추정,,0.05,"52,252",가을,1
0,20160920,20143,25,강원,춘천,사북,,담뱃불,담뱃불/라이터불,담뱃불,부주의,담배꽁초,종이/목재/건초등,52,구름조금,23,35,45,4,,화,2016,9,20,16:30,북부,고성,입,기타(직접입력),입산자 실화추정,0.01,"51,062",가을,1
0,20121014,4738,9,강원,속초,설악,,담뱃불,담뱃불/라이터불,담뱃불,부주의,담배꽁초,종이/목재/건초등,50,맑음,20,51,315,4,,일,2012,10,14,15:15,강원,,입,입산자실화,,0.01,"6,235",가을,1
0,20121021,13105,17,강원,원주,문막,포진리,미상,미상,미상,미상,미상,종이/목재/건초등,28,맑음,21,52,180,4,,일,2012,10,21,15:05,강원,포진,입,입산자실화,,0.03,"52,641",가을,1
0,20131029,5700,19,강원,춘천,사북,송암리,담뱃불,미상,미상,기타,기타,기타,43,구름많음,16,55,225,4,,화,2013,10,29,16:54,강원,송암,입,기타(직접입력),입산자 실화추정,0.05,"53,207",가을,1
0,20141028,22811,25,강원,홍천,두촌,천현리,담뱃불,담뱃불/라이터불,담뱃불,부주의,담배꽁초,종이/목재/건초등,41,맑음,14,0,135,4,,화,2014,10,28,15:30,북부,천현,입,등산객실화,,0.02,"66,533",가을,1
0,20141029,23701,47,강원,인제,기린,진동리,담뱃불,담뱃불/라이터불,담뱃불,부주의,담배꽁초,종이/목재/건초등,56,맑음,17,46,315,4,,수,2014,10,29,16:10,북부,진동,입,등산객실화,,0.7,"41,921",가을,1
372,20141030,30959,20,강원,평창,대화,개수리,논/밭두렁,불꽃/불티,쓰레기/논밭두렁,부주의,논/임야태우기,종이/목재/건초등,109,맑음,19,33,180,4,,목,2014,10,30,18:20,강원,개수,기,농산폐기물소각,,0.5,"50,856",가을,1
0,20151006,11800,1,강원,철원,갈말,문혜리,기타,담뱃불/라이터불,라이터불/성냥불,방화의심,방화의심,종이/목재/건초등,114,맑음,25,29,135,4,,화,2015,10,6,17:40,강원,문혜,입,입산자 실화추정,,0.1,"37,983",가을,1
0,20151011,33803,22,강원,춘천,서,덕두원리,기타,자연적발화열,낙뢰,자연적인요인,자연적인요인,종이/목재/건초등,17,비,12,69,180,4,풍랑주의보,일,2015,10,11,16:39,북부,당림,기,낙뢰 추정,,0.01,"51,062",가을,1
0,20151016,2932,1,강원,정선,정선,봉양리,입산자실화,담뱃불/라이터불,라이터불/성냥불,부주의,불장난,종이/목재/건초등,71,구름조금,23,22,45,4,,금,2015,10,16,16:30,강원,봉양,기,어린이 불장난 추정,,0.05,"36,723",가을,1
2560,20151017,42844,45,강원,강릉,연곡,삼산리,미상,미상,미상,미상,미상,종이/목재/건초등,172,맑음,19,15,135,4,,토,2015,10,17,15:02,동부,삼산,입,기타(직접입력),입산자 실화,0.8,"37,109",가을,1
0,20151017,20627,15,강원,철원,갈말,문혜리,기타,자연적발화열,햇볕,자연적인요인,돋보기효과,종이/목재/건초등,11,맑음,25,21,225,4,,토,2015,10,17,18:07,북부,문혜,기,원인미상,,0.05,"37,983",가을,1
0,20151024,34428,36,강원,강릉,왕산,대기리,기타,작동기기,전기적아크,전기적요인,압착/손상에의한단락,전기/전자,241,구름조금,18,29,270,4,,토,2015,10,24,18:30,강원,대기,기,전기배선단락,,0.5,"37,109",가을,1
0,20151025,25636,44,강원,평창,진부,봉산리,담뱃불,담뱃불/라이터불,담뱃불,부주의,담배꽁초,종이/목재/건초등,72,구름조금,4,98,0,4,,일,2015,10,26,2:55,동부,봉산,기,원인미상,,0.1,"50,279",가을,1
0,20181004,21058,15,강원,인제,남,남전리,담뱃불,담뱃불/라이터불,담뱃불,부주의,담배꽁초,종이/목재/건초등,115,구름조금,22,51,315,4,,목,2018,10,4,15:20,북부,남전,입,기타(직접입력),입산자 실화,0.01,"41,482",가을,1
0,20201006,12001,30,강원,춘천,사북,고성리,담뱃불,담뱃불/라이터불,담뱃불,부주의,담배꽁초,종이/목재/건초등,61,맑음,18,41,225,4,,화,2020,10,6,17:30,북부,고성,입,기타(직접입력),입산자실화 추정,0.01,"51,062",가을,1
0,20201009,70306,33,강원,홍천,서석,풍암리,입산자실화,미상,미상,미상,미상,종이/목재/건초등,51,맑음,18,56,45,4,풍랑주의보,공,2020,10,9,0:00,북부,풍암,입,기타(직접입력),입산자실화 추정,0.05,"65,341",가을,1
0,20201011,51238,16,강원,홍천,화촌,군업리,미상,미상,미상,미상,미상,미상,45,맑음,8,94,180,4,,일,2020,10,11,10:30,북부,군업,입,기타(직접입력),입산자실화 추정,0.01,"65,341",가을,1
0,20201013,20424,17,강원,홍천,화촌,군업리,미상,미상,미상,미상,미상,종이/목재/건초등,86,맑음,18,51,225,4,,화,2020,10,13,17:00,북부,군엄,입,기타(직접입력),입산자실화 추정,0.01,"65,341",가을,1
0,20201029,20922,36,강원,정선,신동,천포리,논/밭두렁,불꽃/불티,쓰레기/논밭두렁,부주의,논/임야태우기,기타,97,맑음,17,19,225,4,,목,2020,10,29,16:15,동부,천포,기,농산폐기물소각,,0.4,"36,723",가을,1
0,20121127,3400,8,강원,춘천,신,,담뱃불,담뱃불/라이터불,담뱃불,부주의,담배꽁초,종이/목재/건초등,33,맑음,5,19,225,4,,화,2012,11,27,13:20,강원,,입,입산자실화,,0.01,"53,207",가을,1
0,20131108,200,18,강원,양양,양양,청곡리,입산자실화,담뱃불/라이터불,라이터불/성냥불,방화,방화,종이/목재/건초등,34,맑음,9,87,225,4,,금,2013,11,8,21:51,강원,청곡,기,방화,,0.01,"16,214",가을,1
0,20131122,33722,30,강원,태백,하사미,,미상,미상,미상,미상,미상,미상,36,흐림,-1,78,270,4,,금,2013,11,23,2:30,강원,,기,기타(직접입력),산업현장실화(추정),0.05,"9,012",가을,1
0,20141109,11805,36,강원,홍천,내촌,와야리,자동차,작동기기,전기적아크,교통사고,교통사고,종이/목재/건초등,50,맑음,14,0,180,4,,일,2014,11,9,16:50,북부,와야,기,기타(직접입력),도로변 교통사고,0.01,"66,533",가을,1
2541,20141111,5400,40,강원,양구,양구,고대리,논/밭두렁,불꽃/불티,불꽃/불티,부주의,쓰레기소각,종이/목재/건초등,63,구름조금,9,56,90,4,,화,2014,11,11,12:15,강원,고대,기,농산폐기물소각,,0.05,"19,961",가을,1
800,20141123,21324,27,강원,양양,서,논화리,미상,미상,미상,미상,미상,종이/목재/건초등,164,맑음,12,61,45,4,,일,2014,11,23,10:30,동부,논화,입,기타(직접입력),입산자 실화추정,1,"16,214",가을,1
0,20151101,13707,65,강원,홍천,내,방내리,미상,미상,미상,기타,기타,미상,101,맑음,10,34,180,4,,일,2015,11,1,18:05,강원,방내,입,입산자 실화추정,,0.1,"65,341",가을,1
0,20151102,2200,14,강원,강릉,연곡,방내리,논/밭두렁,불꽃/불티,쓰레기/논밭두렁,부주의,쓰레기소각,종이/목재/건초등,91,맑음,16,27,270,8,,월,2015,11,2,15:00,동부,방,기,농산폐기물 소각,,0.03,"37,109",가을,1
0,20151102,31339,60,강원,양구,남,도촌리,입산자실화,기타,기타,부주의,부주의,종이/목재/건초등,279,맑음,0,60,45,4,,월,2015,11,2,18:55,강원,창,입,기타(직접입력),입산자 실화추정,0.3,"19,868",가을,1
0,20151104,5246,44,강원,인제,상남,하남리,기타,불꽃/불티,용접/절단/연마,부주의,용접/절단/연마,종이/목재/건초등,126,맑음,8,45,270,4,,수,2015,11,4,14:00,북부,하남,기,작업장실화,,0.2,"41,482",가을,1
990,20161114,1400,34,강원,삼척,하장,,논/밭두렁,불꽃/불티,모닥불/연탄/숯,부주의,불씨/불꽃/화원방치,종이/목재/건초등,110,맑음,18,10,135,,,월,2016,11,14,13:10,강원,광동,기,기타(직접입력),화덕재 버림,0.01,"40,191",가을,1
0,20161121,2214,10,강원,강릉,구정,,기타,미상,미상,방화의심,방화의심,종이/목재/건초등,46,맑음,7,60,315,4,,월,2016,11,21,5:50,강원,제비,기,기타(직접입력),조사중,0.01,"37,109",가을,1
275,20161125,14144,4,강원,횡성,횡성,,쓰레기소각장,불꽃/불티,비화,부주의,불씨/불꽃/화원방치,종이/목재/건초등,97,맑음,4,25,180,4,,금,2016,11,25,18:50,강원,청용,기,기타(직접입력),야외화덕 불씨비화,0.03,"44,302",가을,1
0,20171116,3727,17,강원,평창,평창,대하리,미상,미상,미상,미상,미상,미상,91,맑음,5,18,90,4,,목,2017,11,16,14:30,강원,대하,입,기타(직접입력),입산자 실화,0.09,"50,279",가을,1
3850,20171116,10533,35,강원,홍천,내촌,물걸리,미상,담뱃불/라이터불,담뱃불,부주의,담배꽁초,종이/목재/건초등,113,맑음,6,32,225,4,,목,2017,11,16,16:13,강원,물걸,입,기타(직접입력),입산자 실화,0.5,"65,341",가을,1
0,20171119,3814,25,강원,정선,여량,유천리,담뱃불,담뱃불/라이터불,담뱃불,부주의,담배꽁초,종이/목재/건초등,63,맑음,1,15,225,4,풍랑주의보,일,2017,11,19,14:30,강원,유천,입,기타(직접입력),입산자 실화,0.05,"36,723",가을,1
0,20171120,3507,19,강원,영월,남,조전리,쓰레기소각장,불꽃/불티,쓰레기/논밭두렁,부주의,쓰레기소각,기타,130,맑음,4,26,315,4,풍랑주의보,월,2017,11,20,14:03,강원,조전,쓰,쓰레기소각,,0.3,"34,137",가을,1
0,20171130,4722,8,강원,홍천,홍천,장전평리,쓰레기소각장,불꽃/불티,쓰레기/논밭두렁,부주의,쓰레기소각,쓰레기류,85,구름조금,1,26,315,4,,목,2017,11,30,12:20,강원,장전평,쓰,쓰레기소각,,0.05,"65,341",가을,1
0,20181122,4412,17,강원,철원,서,자등리,담뱃불,담뱃불/라이터불,담뱃불,부주의,담배꽁초,종이/목재/건초등,91,맑음,4,0,135,4,풍랑주의보,목,2018,11,22,15:25,강원,자등,입,기타(직접입력),입산자 실화추정,0.1,"37,983",가을,1
0,20181123,4354,23,강원,삼척,근덕,초곡리,기타,불꽃/불티,쓰레기/논밭두렁,부주의,쓰레기소각,종이/목재/건초등,152,맑음,5,19,315,4,건조주의보,금,2018,11,23,11:20,강원,초곡,쓰,쓰레기소각,,0.1,"40,191",가을,1
0,20181126,2859,22,강원,삼척,근덕,초곡리,미상,미상,미상,미상,미상,미상,70,맑음,3,70,315,4,,월,2018,11,26,7:25,강원,초곡,기,기타(직접입력),방화추정,0.03,"40,191",가을,1
0,20201104,5458,13,강원,철원,동송,이평리,담뱃불,담뱃불/라이터불,담뱃불,부주의,담배꽁초,종이/목재/건초등,105,맑음,6,23,270,4,,수,2020,11,4,14:30,북부,이평,입,기타(직접입력),입산자실화 추정,0.01,"37,983",가을,1
0,20201116,110345,8,강원,홍천,홍천,장전평리,입산자실화,담뱃불/라이터불,촛불,부주의,부주의,기타,0,맑음,13,59,225,4,,월,2020,11,16,15:00,강원,장전평,입,기타(직접입력),입산자실화,0.1,"65,341",가을,1
0,20121226,23500,59,강원,삼척,가곡,오목리,기타,불꽃/불티,불꽃/불티,부주의,불씨/불꽃/화원방치,종이/목재/건초등,385,맑음,-8,42,45,4,,수,2012,12,26,17:30,강원,오목,쓰,쓰레기소각,,0.2,"40,519",겨울,1
440,20131201,2929,8,강원,강릉,성산,금산리,미상,미상,미상,미상,미상,종이/목재/건초등,39,맑음,7,38,315,8,건조주의보,일,2013,12,1,22:40,강원,금산,담,기타(직접입력),담뱃불실화 추정,0.03,"37,109",겨울,1
0,20131206,2018,28,강원,양양,현북,중광정리,미상,미상,미상,미상,미상,종이/목재/건초등,234,구름조금,7,0,45,4,,금,2013,12,6,14:45,강원,중광정,입,기타(직접입력),입산자 실화 추정,0.01,"16,214",겨울,1
0,20141222,10645,33,강원,양양,현북,잔교리,쓰레기소각장,불꽃/불티,쓰레기/논밭두렁,부주의,쓰레기소각,쓰레기류,167,맑음,0,0,,,,월,2014,12,22,11:30,강원,잔교,쓰,쓰레기소각,,0.05,"16,214",겨울,1
297,20151212,4414,3,강원,횡성,횡성,갈풍리,쓰레기소각장,불꽃/불티,쓰레기/논밭두렁,부주의,쓰레기소각,종이/목재/건초등,71,맑음,9,41,225,4,풍랑주의보,토,2015,12,12,15:10,강원,갈풍,쓰,쓰레기소각,,0.03,"44,302",겨울,1
330,20151216,13700,40,강원,양양,현남,인구1리,미상,미상,미상,미상,미상,미상,143,맑음,0,0,45,8,,수,2015,12,16,16:00,강원,인구,입,등산객실화,,0.1,"16,034",겨울,1
0,20151222,941,4,강원,강릉,학,,입산자실화,담뱃불/라이터불,담뱃불/라이터불,부주의,불씨/불꽃/화원방치,종이/목재/건초등,41,맑음,10,49,135,4,,화,2015,12,22,14:30,강원,,담,담뱃불실화,,0.01,"37,109",겨울,1
302,20171202,10539,25,강원,원주,부론,손곡리,기타,작동기기,기기전도/복사열/기기발열,기계적요인,과열/과부하,전기/전자,95,맑음,2,56,315,4,,토,2017,12,2,23:30,강원,손곡,기,작업장실화,,0.2,"52,252",겨울,1
247,20171222,11648,7,강원,양양,서,논화리,미상,미상,미상,미상,미상,미상,315,맑음,7,54,315,4,,금,2017,12,22,21:00,강원,논화,기,농산폐기물소각,,0.81,"16,034",겨울,1
0,20191204,3451,11,강원,양구,양구,군량리,쓰레기소각장,불꽃/불티,굴뚝아궁이,부주의,쓰레기소각,종이/목재/건초등,73,맑음,6,24,315,4,,수,2019,12,4,12:47,강원,군량,기,농산폐기물소각,,0.1,"19,868",겨울,1
1100,20191205,12539,33,강원,삼척,도계,점리,담뱃불,담뱃불/라이터불,담뱃불,부주의,담배꽁초,종이/목재/건초등,133,맑음,-4,28,180,4,풍랑주의보,목,2019,12,5,15:00,강원,점,담,담뱃불실화,,0.27,"40,191",겨울,1
0,20191211,30027,6,강원,인제,인제,덕산리,군경사격장,불꽃/불티,불꽃/불티,부주의,불씨/불꽃/화원방치,종이/목재/건초등,411,맑음,7,45,225,4,,수,2019,12,11,18:00,강원,덕산,기,기타(직접입력),원인미상,0.05,"41,482",겨울,1
0,20191211,150305,19,강원,정선,북평,나전리,미상,미상,미상,미상,미상,종이/목재/건초등,214,맑음,5,45,225,,강풍주의보,수,2019,12,12,10:39,강원,나전,기,기타(직접입력),조사중,2,"36,723",겨울,1
0,20191220,2754,8,강원,홍천,홍천,결운리,쓰레기소각장,불꽃/불티,쓰레기/논밭두렁,부주의,쓰레기소각,종이/목재/건초등,26,맑음,1,32,315,4,풍랑주의보,금,2019,12,20,13:20,강원,태학,쓰,쓰레기소각,,0.04,"65,341",겨울,1
1100,20191231,40104,26,강원,고성,토성,신평리,미상,작동기기,전기적아크,전기적요인,미확인단락,종이/목재/건초등,727,맑음,-9,36,270,,,화,2019,12,31,4:21,강원,신평,기,기타(직접입력),원인미상,0.5,"18,473",겨울,1
145,20201201,12942,17,강원,횡성,우천,상대리,건물,작동기기,기기전도/복사열/기기발열,기계적요인,기계적요인,종이/목재/건초등,104,맑음,-1,50,225,4,,화,2020,12,2,0:30,강원,상대,기,기타(직접입력),화목보일러 불씨,0.1,"44,302",겨울,1
0,20201208,15920,6,강원,홍천,동,속초리,기타,불꽃/불티,불꽃/불티,부주의,불씨/불꽃/화원방치,종이/목재/건초등,84,맑음,-3,50,180,4,,화,2020,12,8,23:00,강원,속초,기,기타(직접입력),화목보일러 재처리 부주의,0.02,"65,341",겨울,1
0,20201212,10302,24,강원,원주,신림,구학리,기타,담뱃불/라이터불,담뱃불,부주의,담배꽁초,종이/목재/건초등,53,맑음,3,42,315,4,,토,2020,12,12,19:00,북부,황둔,입,기타(직접입력),입산자실화,0.05,"52,252",겨울,1
0,20201212,10302,24,강원,원주,신림,구학리,기타,담뱃불/라이터불,담뱃불,부주의,담배꽁초,종이/목재/건초등,53,맑음,3,42,315,4,,토,2020,12,12,14:30,강원,구학,담,담뱃불실화,,0.5,"52,252",겨울,1
0,20201212,34514,27,강원,원주,신림,황둔리,담뱃불,담뱃불/라이터불,담뱃불,부주의,담배꽁초,종이/목재/건초등,61,맑음,5,30,315,,,토,2020,12,12,19:00,북부,황둔,입,기타(직접입력),입산자실화,0.05,"52,252",겨울,1
0,20201212,34514,27,강원,원주,신림,황둔리,담뱃불,담뱃불/라이터불,담뱃불,부주의,담배꽁초,종이/목재/건초등,61,맑음,5,30,315,,,토,2020,12,12,14:30,강원,구학,담,담뱃불실화,,0.5,"52,252",겨울,1
0,20201225,54728,3,강원,영월,영월,영흥리,담뱃불,담뱃불/라이터불,담뱃불,부주의,담배꽁초,종이/목재/건초등,118,맑음,-5,47,225,4,,금,2020,12,25,18:20,강원,영흥,입,기타(직접입력),입산자실화,0.3,"34,137",겨울,1